start_frame,end_frame,crowd_count,occupancy,mean_speed,median_speed,speed_std,dir_entropy,mean_pairwise_distance,risk_raw,risk_score,risk_ema,act_p_Normal,act_p_Light_Panic,act_p_Fight,act_p_Violent_Group,act_p_Stampede,act_entropy,act_top_prob,act_top2_gap,act_abnormal_prob,vel_hist_0,vel_hist_1,vel_hist_2,vel_hist_3,vel_hist_4,vel_hist_5,vel_hist_6,vel_hist_7,density_0,density_1,density_2,density_3,density_4,density_5,density_6,density_7,density_8,density_9,density_10,density_11,density_12,density_13,density_14,density_15
0,31,0,0.0,0.0,0.0,0.0,0.0,0.0,0.0,0.5,0.5,1.0,0.0,0.0,0.0,0.0,-0.0,1.0,1.0,0.0,0.0,0.0,0.0,0.0,0.0,0.0,0.0,0.0,0.0,0.0,0.0,0.0,0.0,0.0,0.0,0.0,0.0,0.0,0.0,0.0,0.0,0.0,0.0,0.0
16,47,0,0.0,0.0,0.0,0.0,0.0,0.0,0.0,0.5,0.5,1.0,0.0,0.0,0.0,0.0,-0.0,1.0,1.0,0.0,0.0,0.0,0.0,0.0,0.0,0.0,0.0,0.0,0.0,0.0,0.0,0.0,0.0,0.0,0.0,0.0,0.0,0.0,0.0,0.0,0.0,0.0,0.0,0.0
32,63,0,0.0,0.0,0.0,0.0,0.0,0.0,0.0,0.5,0.5,1.0,0.0,0.0,0.0,0.0,-0.0,1.0,1.0,0.0,0.0,0.0,0.0,0.0,0.0,0.0,0.0,0.0,0.0,0.0,0.0,0.0,0.0,0.0,0.0,0.0,0.0,0.0,0.0,0.0,0.0,0.0,0.0,0.0
48,79,0,0.0,0.0,0.0,0.0,0.0,0.0,0.0,0.5,0.5,1.0,0.0,0.0,0.0,0.0,-0.0,1.0,1.0,0.0,0.0,0.0,0.0,0.0,0.0,0.0,0.0,0.0,0.0,0.0,0.0,0.0,0.0,0.0,0.0,0.0,0.0,0.0,0.0,0.0,0.0,0.0,0.0,0.0
64,95,9,0.7526178359985352,4.184159543419262,1.7474169384764355,6.135038527966404,0.680270412845648,308.1869201660156,4.002081844270053,0.6742896428683789,0.5522868928605136,1.0,0.0,0.0,0.0,0.0,-0.0,1.0,1.0,0.0,0.7222222222222222,0.05555555555555555,0.05555555555555555,0.0,0.0,0.05555555555555555,0.05555555555555555,0.05555555555555555,0.0,0.0,0.0,0.0,0.0,0.0,0.0,0.0,0.0,0.3333333209876548,0.22222221399176983,0.22222221399176983,0.22222221399176983,0.0,0.0,0.0
80,111,11,0.776386022567749,3.8286174694380355,1.058876332902772,7.995384716213913,0.9372764977296476,291.708251953125,4.2931205938450905,0.6858023845846027,0.5923415403777403,1.0,0.0,0.0,0.0,0.0,-0.0,1.0,1.0,0.0,0.8685714285714285,0.022857142857142857,0.03428571428571429,0.017142857142857144,0.02857142857142857,0.005714285714285714,0.0,0.022857142857142857,0.0,0.0,0.0,0.0,0.0,0.0,0.0,0.0,0.12903225737079432,0.22043010634177362,0.20430107417042434,0.28494623502717076,0.1612903217134929,0.0,0.0,0.0
96,127,13,0.8649192452430725,3.174895818862502,0.814500575204231,7.9969502983139265,0.9601700642231168,316.1130676269531,4.045602910825959,0.6760251008167485,0.6174466085094428,1.0,0.0,0.0,0.0,0.0,-0.0,1.0,1.0,0.0,0.9080118694362018,0.04451038575667656,0.0,0.02373887240356083,0.002967359050445104,0.011869436201780416,0.002967359050445104,0.005934718100890208,0.0,0.0,0.0,0.0,0.0,0.0,0.0,0.0,0.20285714227755103,0.18285714233469388,0.19142857088163265,0.3171428562367347,0.1057142854122449,0.0,0.0,0.0
112,143,15,0.8590673804283142,1.8311748786377093,0.3287658530931988,5.71404632113837,0.970704254088094,313.5169372558594,3.171999452078696,0.6403139817338165,0.6243068204767549,1.0,0.0,0.0,0.0,0.0,-0.0,1.0,1.0,0.0,0.9477611940298507,0.029850746268656716,0.004975124378109453,0.007462686567164179,0.0024875621890547263,0.0024875621890547263,0.0,0.004975124378109453,0.0,0.0,0.0,0.0,0.0,0.0,0.0,0.0,0.19424460385073236,0.1870503592636682,0.19904076690877515,0.31654676183082314,0.10311750574791965,0.0,0.0,0.0
128,159,16,0.8020254969596863,1.266034026534249,0.4113530319005339,3.639642089645901,0.9644581516935109,339.5610046386719,2.631034815076691,0.6173628922602807,0.6222236420118127,1.0,0.0,0.0,0.0,0.0,-0.0,1.0,1.0,0.0,0.9705215419501134,0.015873015873015872,0.009070294784580499,0.0,0.0022675736961451248,0.0,0.0,0.0022675736961451248,0.0,0.0,0.0,0.0,0.0,0.0,0.0,0.0,0.14660831477766234,0.22975929927842603,0.20131290984395425,0.2888402619500213,0.13347921196175228,0.0,0.0,0.0
144,175,15,0.8473371863365173,1.6029429253475111,0.4693241975940039,4.379427654656292,0.9647491896645717,297.5440979003906,2.8769408321361913,0.6278677261735899,0.6239168672603459,1.0,0.0,0.0,0.0,0.0,-0.0,1.0,1.0,0.0,0.9568181818181818,0.020454545454545454,0.011363636363636364,0.004545454545454545,0.004545454545454545,0.0,0.0,0.0022727272727272726,0.0,0.0,0.0,0.0,0.0,0.0,0.0,0.0,0.14505494473614297,0.2703296697355392,0.16703296666586162,0.2813186807003985,0.13626373596425553,0.0,0.0,0.0
160,191,14,0.8568111658096313,1.4069148140008259,0.407031464210571,3.5403823887247583,0.9744450077753561,302.66778564453125,2.678490288574258,0.6193990385448335,0.6225615186456921,1.0,0.0,0.0,0.0,0.0,-0.0,1.0,1.0,0.0,0.927360774818402,0.029055690072639227,0.012106537530266344,0.009685230024213076,0.007263922518159807,0.007263922518159807,0.0,0.007263922518159807,0.0,0.0,0.0,0.0,0.0,0.0,0.0,0.0,0.1358313814149148,0.2997658072605016,0.1498829036302508,0.2997658072605016,0.11475409809191078,0.0,0.0,0.0
176,207,15,0.8321086764335632,1.0270762029133016,0.4220074924619826,2.2363692147593865,0.9770582022511877,276.1578369140625,2.3325207847299416,0.6044626563972653,0.617131859971164,1.0,0.0,0.0,0.0,0.0,-0.0,1.0,1.0,0.0,0.9367088607594937,0.030379746835443037,0.012658227848101266,0.007594936708860759,0.0,0.005063291139240506,0.002531645569620253,0.005063291139240506,0.0,0.0,0.0,0.0,0.0,0.0,0.0,0.0,0.14146341428911363,0.312195121189768,0.156097560594884,0.312195121189768,0.078048780297442,0.0,0.0,0.0
192,223,14,0.8385250568389893,0.6727466399207457,0.3689327613468734,1.1746051076189585,0.9724653450552583,283.8794860839844,2.0287686291442975,0.5911851830207181,0.6093478568860302,1.0,0.0,0.0,0.0,0.0,-0.0,1.0,1.0,0.0,0.946987951807229,0.04096385542168675,0.007228915662650603,0.0024096385542168677,0.0,0.0,0.0,0.0024096385542168677,0.0,0.0,0.0,0.0,0.0,0.0,0.0,0.0,0.1888111883710695,0.29836829767280115,0.1818181813943632,0.29836829767280115,0.03263403255796263,0.0,0.0,0.0
208,239,14,0.7458610534667969,0.84055747608232,0.3247672806679939,1.6876108492891788,0.9591140258977242,318.2069091796875,2.164833033364939,0.5971504696188235,0.6056886407058681,1.0,0.0,0.0,0.0,0.0,-0.0,1.0,1.0,0.0,0.8963855421686747,0.05301204819277108,0.016867469879518072,0.007228915662650603,0.012048192771084338,0.007228915662650603,0.0,0.007228915662650603,0.0,0.0,0.0,0.0,0.0,0.0,0.0,0.0,0.20979020930118833,0.29836829767280115,0.21911421860346336,0.27272727209154485,0.0,0.0,0.0,0.0
224,255,14,0.7108907103538513,1.042090882945842,0.31714539671266023,2.0313565964387776,0.9675007860506618,305.48419189453125,2.3020403142745507,0.6031368920748066,0.6049231161165497,1.0,0.0,0.0,0.0,0.0,-0.0,1.0,1.0,0.0,0.8632707774798928,0.06166219839142091,0.029490616621983913,0.013404825737265416,0.021447721179624665,0.0,0.0,0.010723860589812333,0.0,0.0,0.0,0.0,0.0,0.0,0.0,0.0,0.19121446979014348,0.33074935315051845,0.21705426300502775,0.260981911470331,0.0,0.0,0.0,0.0
240,271,13,0.7410106658935547,1.4807461372405384,0.6706114657816419,2.921814400979734,0.9685043271195081,272.2024841308594,2.6116732113148804,0.6165309651762083,0.6084054708344473,1.0,0.0,0.0,0.0,0.0,-0.0,1.0,1.0,0.0,0.9022988505747126,0.05172413793103448,0.014367816091954023,0.005747126436781609,0.011494252873563218,0.008620689655172414,0.0,0.005747126436781609,0.0,0.0,0.0,0.0,0.0,0.0,0.0,0.0,0.1495844871202646,0.35457063613692347,0.2299168968700363,0.26592797710269256,0.0,0.0,0.0,0.0
256,287,16,0.8383097648620605,1.9507215707753796,0.858345890380609,4.756508644745804,0.9695210343485218,250.98011779785156,3.0754775456311356,0.6362622628200864,0.616762508430139,1.0,0.0,0.0,0.0,0.0,-0.0,1.0,1.0,0.0,0.9502762430939227,0.027624309392265192,0.011049723756906077,0.0055248618784530384,0.0,0.0,0.0,0.0055248618784530384,0.0,0.0,0.0,0.0,0.0,0.0,0.0,0.0,0.134920634563702,0.33862433772850703,0.25132275065787635,0.2539682532963803,0.0,0.0,0.01851851846952773,0.002645502638503961
272,303,16,0.8530145883560181,1.6536249147645692,0.4604317096828875,5.314822958162511,0.9778011208988061,253.53619384765625,3.045354082169488,0.6349937645119152,0.6222318852546719,1.0,0.0,0.0,0.0,0.0,-0.0,1.0,1.0,0.0,0.9632352941176471,0.0196078431372549,0.0024509803921568627,0.0024509803921568627,0.0,0.0024509803921568627,0.004901960784313725,0.004901960784313725,0.0,0.0,0.0,0.0,0.0,0.0,0.0,0.0,0.19339622595897116,0.2877358483779815,0.2146226410032485,0.22641509380562477,0.0,0.0,0.03773584896760413,0.040094339528079385
288,319,17,0.7447750568389893,1.4841837751434097,0.2316440602123418,5.720897390946246,0.9621486554833903,315.3466796875,3.029097311989335,0.634308411496783,0.6258548431273052,1.0,0.0,0.0,0.0,0.0,-0.0,1.0,1.0,0.0,0.965034965034965,0.013986013986013986,0.002331002331002331,0.0,0.002331002331002331,0.002331002331002331,0.004662004662004662,0.009324009324009324,0.0,0.0,0.0,0.0,0.0,0.0,0.0,0.0,0.2533632281314726,0.20403587398198234,0.2399103133634298,0.21524663628868468,0.0,0.0,0.02017937215206419,0.06726457384021396
304,335,16,0.674501359462738,2.1030233327481747,0.2489926969525897,7.023870683769521,0.9664934288729188,312.77740478515625,3.4746859929884493,0.6528886766092489,0.6339649931718883,1.0,0.0,0.0,0.0,0.0,-0.0,1.0,1.0,0.0,0.9439024390243902,0.02195121951219512,0.0024390243902439024,0.0024390243902439024,0.0,0.00975609756097561,0.007317073170731708,0.012195121951219513,0.0,0.0,0.0,0.0,0.0,0.0,0.0,0.0,0.26760563317463465,0.17605633761489123,0.29812206502788247,0.22535211214706077,0.0,0.0,0.0,0.03286384968811303
320,351,17,0.7358522415161133,3.0276353367213678,0.5416679658362202,7.6150389555614195,0.9706322019222603,319.9269714355469,3.9356892991761168,0.6716329332879725,0.6452653752067135,1.0,0.0,0.0,0.0,0.0,-0.0,1.0,1.0,0.0,0.9002493765586035,0.04987531172069826,0.004987531172069825,0.012468827930174564,0.007481296758104738,0.012468827930174564,0.007481296758104738,0.004987531172069825,0.0,0.0,0.0,0.0,0.0,0.0,0.0,0.0,0.2488038271559717,0.21052631528582222,0.3038277504693116,0.23684210469654998,0.0,0.0,0.0,0.0
336,367,19,0.9052718877792358,2.9152203395351646,0.0,7.567798441920674,0.9742873026729445,280.00927734375,3.8858302837059338,0.6696305562697626,0.6525749295256282,1.0,0.0,0.0,0.0,0.0,-0.0,1.0,1.0,0.0,0.8977777777777778,0.051111111111111114,0.011111111111111112,0.011111111111111112,0.0,0.011111111111111112,0.015555555555555555,0.0022222222222222222,0.0,0.0,0.0,0.0,0.0,0.0,0.0,0.0,0.23880596964007256,0.17057569260005184,0.2366737734825719,0.30063965820759136,0.0,0.01918976541750583,0.02132196157500648,0.012793176945003887
352,383,25,0.9532569646835327,2.970808820205723,0.0,7.900539810677532,0.9248850312338728,295.7328186035156,3.928335518424243,0.6713379895537731,0.6582038475340717,1.0,0.0,0.0,0.0,0.0,-0.0,1.0,1.0,0.0,0.9094412331406551,0.05009633911368015,0.017341040462427744,0.007707129094412331,0.01348747591522158,0.0,0.0,0.0019267822736030828,0.0,0.0,0.0,0.0,0.0,0.0,0.0,0.0,0.24080882308674847,0.13419117622391327,0.1213235291887435,0.34558823465884514,0.007352941162954152,0.04595588226846345,0.049632352849940525,0.05514705872215614
368,399,35,1.1645883321762085,4.1561274820956084,0.0,9.47273873597723,0.8700098707331478,346.70989990234375,4.605367725674717,0.6979046064964921,0.6701140752227978,1.0,0.0,0.0,0.0,0.0,-0.0,1.0,1.0,0.0,0.8497409326424871,0.08981001727115717,0.03281519861830743,0.017271157167530225,0.0051813471502590676,0.0017271157167530224,0.0,0.0034542314335060447,0.0,0.0,0.0,0.0,0.0,0.0,0.0,0.0,0.19543973909537501,0.0944625405627646,0.050488599266305216,0.29967426661290836,0.0863192181004573,0.0863192181004573,0.061889250713535425,0.1254071659195323
384,415,38,1.119283676147461,3.6873768146799333,0.0,8.330760266523274,0.9238628060976757,349.33056640625,4.27888244950907,0.6852442983906737,0.6746531421731605,1.0,0.0,0.0,0.0,0.0,-0.0,1.0,1.0,0.0,0.8633193863319386,0.08786610878661087,0.030683403068340307,0.009762900976290097,0.005578800557880056,0.001394700139470014,0.0,0.001394700139470014,0.0,0.0,0.0,0.0,0.0,0.0,0.0,0.0,0.1072847680698215,0.054304635689662734,0.062251655546686546,0.26887417182930573,0.14834437066444453,0.12450331109337309,0.0556291389991667,0.17880794678303583
400,431,37,1.157418131828308,2.7087150654743,0.0,6.759090370646826,0.9150847637641997,289.0295104980469,3.646400440045264,0.6599299120651838,0.6702361731407674,1.0,0.0,0.0,0.0,0.0,-0.0,1.0,1.0,0.0,0.8484472049689441,0.062111801242236024,0.037267080745341616,0.024844720496894408,0.014906832298136646,0.009937888198757764,0.0,0.002484472049689441,0.0,0.0,0.0,0.0,0.0,0.0,0.0,0.0,0.08313539182525488,0.052256532004445924,0.09857482173565936,0.2660332538408156,0.12114014237394283,0.11757719701000333,0.04988123509515293,0.2114014249270767
416,447,42,1.6007919311523438,2.884609042688027,0.0,7.699769224014462,0.8068820102426819,287.09063720703125,3.7929382068229893,0.665883529535341,0.6689303800591395,1.0,0.0,0.0,0.0,0.0,-0.0,1.0,1.0,0.0,0.8724226804123711,0.04896907216494845,0.03479381443298969,0.024484536082474227,0.015463917525773196,0.001288659793814433,0.0,0.002577319587628866,0.0,0.0,0.0,0.0,0.0,0.0,0.0,0.0,0.11491442528739068,0.05378973098558713,0.11369193140135461,0.2652811732698274,0.10513447419910212,0.0635696820738757,0.048899755441442844,0.23471882611892564
432,463,43,1.0519057512283325,2.7332450099907963,0.0,7.224434144868001,0.8715140975560745,311.1133117675781,3.6998715842601637,0.6621083484638143,0.6668837705805419,1.0,0.0,0.0,0.0,0.0,-0.0,1.0,1.0,0.0,0.8711276332094176,0.05452292441140025,0.040892193308550186,0.021065675340768277,0.008674101610904586,0.0012391573729863693,0.0,0.0024783147459727386,0.0,0.0,0.0,0.0,0.0,0.0,0.0,0.0,0.13294117631418687,0.0635294116899654,0.11999999985882354,0.28823529377854673,0.11999999985882354,0.045882352887197234,0.03999999995294118,0.18941176448304498
448,479,44,0.7953238487243652,2.12685112170425,0.0,6.087401050908522,0.941404041495464,321.99603271484375,3.328693031215257,0.646848945144903,0.6608733229498502,1.0,0.0,0.0,0.0,0.0,-0.0,1.0,1.0,0.0,0.8854296388542964,0.058530510585305104,0.023661270236612703,0.0161892901618929,0.0112079701120797,0.0,0.0037359900373599006,0.0012453300124533001,0.0,0.0,0.0,0.0,0.0,0.0,0.0,0.0,0.10271546623056026,0.05312868942960013,0.1617473433745604,0.3187721365776008,0.1180637542880003,0.09090909080176023,0.018890200686080046,0.13577331743120033
464,495,34,0.5713145732879639,1.9673930663665995,0.0,5.1766850351809515,0.9585100628171288,263.41754150390625,3.13856601951406,0.6389127690288269,0.6542851567735432,1.0,0.0,0.0,0.0,0.0,-0.0,1.0,1.0,0.0,0.8797564687975646,0.0730593607305936,0.030441400304414,0.0076103500761035,0.0060882800608828,0.0,0.0015220700152207,0.0015220700152207,0.0,0.0,0.0,0.0,0.0,0.0,0.0,0.0,0.04052098402240089,0.018813314010400414,0.17366136009600383,0.3212735161776071,0.12879884207120285,0.13748191007600302,0.02170767001200048,0.15774240208720347
480,511,29,0.18490366637706757,2.3295666317131034,0.0,5.4995087802068285,0.8430154640815718,304.2714538574219,2.7248214795742056,0.6213829031241913,0.6444144806787375,1.0,0.0,0.0,0.0,0.0,-0.0,1.0,1.0,0.0,0.825,0.09166666666666666,0.04583333333333333,0.022916666666666665,0.008333333333333333,0.004166666666666667,0.0,0.0020833333333333333,0.0,0.0,0.0,0.0,0.0,0.0,0.0,0.0,0.0,0.0,0.07858546153519556,0.34381139421648055,0.123772101917933,0.09430255384223467,0.04911591345949722,0.3104125730640225
496,527,25,0.19226588308811188,1.7089699035430603,0.0,5.423325876796743,0.7479537173442825,126.67733764648438,2.4265237507429145,0.6085416270090724,0.633652624577838,1.0,0.0,0.0,0.0,0.0,-0.0,1.0,1.0,0.0,0.8929440389294404,0.0340632603406326,0.0340632603406326,0.0170316301703163,0.014598540145985401,0.004866180048661801,0.0,0.0024330900243309003,0.0,0.0,0.0,0.0,0.0,0.0,0.0,0.0,0.0,0.0,0.0,0.37155963217532195,0.05045871548059928,0.0022935779763908763,0.02522935774029964,0.5504587143338103
512,543,26,0.20348146557807922,1.2809085137469032,0.0,4.539375540941216,0.8393007096525178,77.6041259765625,2.2055538994192654,0.5989302511921563,0.6232359125621334,1.0,0.0,0.0,0.0,0.0,-0.0,1.0,1.0,0.0,0.9084668192219679,0.020594965675057208,0.018306636155606407,0.016018306636155607,0.006864988558352402,0.013729977116704805,0.006864988558352402,0.009153318077803204,0.0,0.0,0.0,0.0,0.0,0.0,0.0,0.0,0.0,0.0,0.0,0.44924405950487245,0.006479481627474122,0.0,0.0,0.5442764567078262
528,559,26,0.27556896209716797,1.9841355137368366,0.0,6.505958219846759,0.9737596098908453,87.06088256835938,3.042726107569358,0.6348830113270999,0.6267300421916233,1.0,0.0,0.0,0.0,0.0,-0.0,1.0,1.0,0.0,0.9054325955734407,0.028169014084507043,0.022132796780684104,0.018108651911468814,0.012072434607645875,0.008048289738430584,0.004024144869215292,0.002012072434607646,0.0,0.0,0.0,0.0,0.0,0.0,0.0,0.0,0.0,0.0,0.0,0.6367112798533245,0.0,0.0,0.009560229427227096,0.3537284888074025
544,575,25,0.2485036551952362,1.567483481767728,0.0,6.222210477093714,0.9480133364157712,84.95885467529297,2.7503922036472845,0.6224760891124266,0.6254538562678642,1.0,0.0,0.0,0.0,0.0,-0.0,1.0,1.0,0.0,0.9292929292929293,0.01616161616161616,0.024242424242424242,0.00808080808080808,0.006060606060606061,0.00808080808080808,0.00404040404040404,0.00404040404040404,0.0,0.0,0.0,0.0,0.0,0.0,0.0,0.0,0.0,0.0,0.0,0.7423076908801776,0.0,0.0,0.01153846151627219,0.24615384568047338
560,591,34,0.35582220554351807,1.0560552475618417,0.0,3.8992429996067983,0.8328842804988481,130.84597778320312,2.396594643133517,0.6072445598179707,0.6199910673328961,1.0,0.0,0.0,0.0,0.0,-0.0,1.0,1.0,0.0,0.9201596806387226,0.05189620758483034,0.023952095808383235,0.001996007984031936,0.0,0.0,0.0,0.001996007984031936,0.0,0.0,0.0,0.0,0.0,0.0,0.0,0.15327102775089527,0.0,0.0,0.0,0.5682242980033191,0.0,0.001869158875010918,0.08037383162546947,0.1962616818761464
576,607,34,0.18295861780643463,0.8907989418474632,0.0,3.153893299308135,0.7737283570754548,219.4445343017578,1.7510371227088455,0.5789270514588784,0.6076718625706907,1.0,0.0,0.0,0.0,0.0,-0.0,1.0,1.0,0.0,0.9172413793103448,0.0017241379310344827,0.022413793103448276,0.02413793103448276,0.017241379310344827,0.006896551724137931,0.008620689655172414,0.0017241379310344827,0.0,0.0,0.0,0.0,0.0,0.0,0.0,0.3159609115375229,0.0,0.0,0.0,0.2931596086430625,0.029315960864306254,0.06840390868338125,0.17589576518583752,0.11726384345722501
592,623,32,0.11269508302211761,0.6803607189993593,0.0,3.1638084875129246,0.8455348135927412,314.14532470703125,1.5357741641130889,0.5693578466158129,0.5961776577842274,1.0,0.0,0.0,0.0,0.0,-0.0,1.0,1.0,0.0,0.9483333333333334,0.011666666666666667,0.023333333333333334,0.011666666666666667,0.0016666666666666668,0.0,0.0016666666666666668,0.0016666666666666668,0.0,0.0,0.0,0.0,0.0,0.0,0.0,0.27056961982504807,0.0,0.0,0.0,0.1819620250285411,0.08544303783948887,0.2294303793838127,0.18829113894257732,0.044303797398253485
608,639,28,0.11538852751255035,1.105757640320672,0.0,3.9753119324669197,0.9345956559079116,262.2067565917969,1.8878285860331931,0.5849777213588444,0.5928176768566125,1.0,0.0,0.0,0.0,0.0,-0.0,1.0,1.0,0.0,0.9163179916317992,0.029288702928870293,0.02092050209205021,0.02092050209205021,0.006276150627615063,0.0020920502092050207,0.0020920502092050207,0.0020920502092050207,0.0,0.0,0.0,0.0,0.0,0.0,0.0,0.1245059286076958,0.0,0.0,0.0,0.19762845810745364,0.12648221318877034,0.3952569162149073,0.14229248983736661,0.013833992067521755
624,655,19,0.13190867006778717,1.4208212113995606,0.0,3.7414035979225586,0.8606217498342111,258.2338562011719,1.9756837272994816,0.5888504484461491,0.5916275083334734,1.0,0.0,0.0,0.0,0.0,-0.0,1.0,1.0,0.0,0.849624060150376,0.05639097744360902,0.03759398496240601,0.018796992481203006,0.015037593984962405,0.011278195488721804,0.007518796992481203,0.0037593984962406013,0.0,0.0,0.0,0.0,0.0,0.0,0.0,0.07017543835026162,0.0,0.0,0.0,0.301754384906125,0.13684210478301015,0.4245614020190828,0.06666666643274854,0.0
640,671,19,0.12760259211063385,1.3821407568868262,0.0,3.5672814801722668,0.9669545386499959,268.842529296875,1.9871277143427295,0.5893541103006846,0.5909454889236367,1.0,0.0,0.0,0.0,0.0,-0.0,1.0,1.0,0.0,0.8416666666666667,0.05416666666666667,0.025,0.029166666666666667,0.016666666666666666,0.008333333333333333,0.0125,0.0125,0.0,0.0,0.0,0.0,0.0,0.0,0.0,0.16216216153605342,0.0,0.0,0.0,0.30888030768772085,0.04247104230706161,0.4864864846081603,0.0,0.0
656,687,17,0.1551661491394043,0.9541359446673309,0.0,3.6704164884748156,0.9183204847304648,257.20709228515625,1.871124518710026,0.5842401873602014,0.5889338984546061,1.0,0.0,0.0,0.0,0.0,-0.0,1.0,1.0,0.0,0.9398907103825137,0.03278688524590164,0.00819672131147541,0.01366120218579235,0.0,0.00273224043715847,0.0,0.00273224043715847,0.0,0.0,0.0,0.0,0.0,0.0,0.0,0.13054830253120547,0.0,0.0,0.0,0.1932114877461841,0.023498694455616986,0.6527415126560274,0.0,0.0
672,703,20,0.11715318262577057,0.681796062533999,0.0,2.9963576744503784,0.9038147711042858,265.38958740234375,1.5573438627070813,0.570319159061602,0.5833494766367049,1.0,0.0,0.0,0.0,0.0,-0.0,1.0,1.0,0.0,0.9546742209631728,0.0339943342776204,0.0056657223796034,0.0,0.0,0.0028328611898017,0.0,0.0028328611898017,0.0,0.0,0.0,0.0,0.0,0.0,0.0,0.12332439645221341,0.0,0.0,0.0,0.13404825701327544,0.06702412850663772,0.6756032153469083,0.0,0.0
688,719,24,0.16049447655677795,1.5262233174169269,0.0,5.887197586604905,0.8772416278314445,281.04296875,2.421150040409817,0.6083088535473148,0.5908372897098878,1.0,0.0,0.0,0.0,0.0,-0.0,1.0,1.0,0.0,0.9492537313432836,0.03582089552238806,0.0029850746268656717,0.0,0.0,0.0029850746268656717,0.0029850746268656717,0.005970149253731343,0.0,0.0,0.0,0.0,0.0,0.0,0.0,0.13091921969103282,0.0,0.0,0.0,0.11420612781558181,0.18662952594253615,0.5598885778276084,0.0,0.0083565459377255
704,735,21,0.14479155838489532,1.52130456983897,0.0,5.124027340749822,0.84370635990459,305.2714538574219,2.2453286246815702,0.6006661650177877,0.5937859523022577,1.0,0.0,0.0,0.0,0.0,-0.0,1.0,1.0,0.0,0.9393258426966292,0.04044943820224719,0.011235955056179775,0.0,0.0022471910112359553,0.0,0.0044943820224719105,0.0022471910112359553,0.0,0.0,0.0,0.0,0.0,0.0,0.0,0.08798283242922139,0.0,0.0,0.0,0.15450643743668147,0.2789699564828971,0.43776823940393084,0.0,0.0407725321013465
720,751,19,0.10459037125110626,0.9864350487991738,0.0,3.2431420742966734,0.884473134686658,316.89703369140625,1.6732051587686294,0.5754735903379133,0.5882922437129544,1.0,0.0,0.0,0.0,0.0,-0.0,1.0,1.0,0.0,0.9099307159353349,0.057736720554272515,0.016166281755196306,0.004618937644341801,0.009237875288683603,0.0,0.0,0.0023094688221709007,0.0,0.0,0.0,0.0,0.0,0.0,0.0,0.04867256626399875,0.0,0.0,0.0,0.24778761007126635,0.25442477819817527,0.3761061938581721,0.0,0.07300884939599812
736,767,14,0.048533979803323746,0.6801365933206795,0.0,2.1801524355859874,0.9710132073693775,290.9375,1.3030203723934968,0.5589527164484577,0.5794903855336053,1.0,0.0,0.0,0.0,0.0,-0.0,1.0,1.0,0.0,0.9065040650406504,0.052845528455284556,0.016260162601626018,0.008130081300813009,0.0,0.008130081300813009,0.0040650406504065045,0.0040650406504065045,0.0,0.0,0.0,0.0,0.0,0.0,0.0,0.02307692298816568,0.0,0.0,0.0,0.38461538313609467,0.1384615379289941,0.2961538450147929,0.0,0.15769230708579882
752,783,9,0.041863422840833664,0.4917660834756111,0.16832833557147603,0.9568142015617113,0.9610566722464324,159.48080444335938,1.021521121670724,0.5462997581664106,0.5695331973234469,1.0,0.0,0.0,0.0,0.0,-0.0,1.0,1.0,0.0,0.8487394957983193,0.058823529411764705,0.01680672268907563,0.03361344537815126,0.025210084033613446,0.0,0.008403361344537815,0.008403361344537815,0.0,0.0,0.0,0.0,0.0,0.0,0.0,0.0,0.0,0.0,0.0,0.5859374954223633,0.0,0.10156249920654298,0.0,0.31249999755859376
768,799,4,0.04258020222187042,0.3773377780858196,0.21873353233593357,0.5783215257806519,0.9493950249446838,78.58116149902344,0.9137708553680267,0.541439762438972,0.5611051668581044,1.0,0.0,0.0,0.0,0.0,-0.0,1.0,1.0,0.0,0.7448979591836735,0.15306122448979592,0.05102040816326531,0.02040816326530612,0.0,0.01020408163265306,0.01020408163265306,0.01020408163265306,0.0,0.0,0.0,0.0,0.0,0.0,0.0,0.0,0.0,0.0,0.0,0.6862745030757402,0.0,0.0,0.0,0.3137254871203384
784,815,4,0.04261036217212677,0.37901900338434513,0.2181225040403657,0.5013977286500065,0.98204729619108,75.25044250488281,0.922571537826587,0.5418370192141093,0.5553247225649058,1.0,0.0,0.0,0.0,0.0,-0.0,1.0,1.0,0.0,0.6593406593406593,0.16483516483516483,0.054945054945054944,0.06593406593406594,0.03296703296703297,0.01098901098901099,0.0,0.01098901098901099,0.0,0.0,0.0,0.0,0.0,0.0,0.0,0.0,0.0,0.0,0.0,0.6631578877562327,0.0,0.0,0.0,0.33684210171745155
800,831,4,0.04357708618044853,0.47599769456567526,0.3225075536127923,0.5830680685361818,0.9478032737825138,75.28211212158203,0.9554839723786099,0.543322188563508,0.5517239623644865,1.0,0.0,0.0,0.0,0.0,-0.0,1.0,1.0,0.0,0.5384615384615384,0.27472527472527475,0.08791208791208792,0.02197802197802198,0.03296703296703297,0.01098901098901099,0.01098901098901099,0.02197802197802198,0.0,0.0,0.0,0.0,0.0,0.0,0.0,0.0,0.0,0.0,0.0,0.642105256398892,0.0,0.0,0.0,0.3578947330747923
816,847,3,0.04602452367544174,0.6667965018955685,0.49802756272066606,0.6890626163658755,0.9207416618569153,73.66596221923828,1.0375842987029416,0.5470235434430852,0.5503138366880661,1.0,0.0,0.0,0.0,0.0,-0.0,1.0,1.0,0.0,0.5161290322580645,0.2903225806451613,0.10752688172043011,0.043010752688172046,0.010752688172043012,0.021505376344086023,0.0,0.010752688172043012,0.0,0.0,0.0,0.0,0.0,0.0,0.0,0.0,0.0,0.0,0.0,0.47916666167534727,0.0,0.0,0.0,0.5208333279079862
832,863,3,0.044930510222911835,0.9456283516339177,0.6296821954896574,1.0364872562530085,0.9285606226018449,68.35565948486328,1.2031871001483196,0.5544732541921629,0.5515616619392951,1.0,0.0,0.0,0.0,0.0,-0.0,1.0,1.0,0.0,0.5698924731182796,0.2903225806451613,0.07526881720430108,0.010752688172043012,0.010752688172043012,0.021505376344086023,0.010752688172043012,0.010752688172043012,0.0,0.0,0.0,0.0,0.0,0.0,0.0,0.0,0.0,0.0,0.0,0.4479166620008681,0.0,0.0,0.0,0.5520833275824654
848,879,3,0.04635215550661087,1.4441176222505718,0.5922056059787008,3.0533261753848895,0.9047131237166851,67.6489028930664,1.6943542010313664,0.5764127330003823,0.5590169832576213,1.0,0.0,0.0,0.0,0.0,-0.0,1.0,1.0,0.0,0.9247311827956989,0.043010752688172046,0.010752688172043012,0.0,0.0,0.0,0.0,0.021505376344086023,0.0,0.0,0.0,0.0,0.0,0.0,0.0,0.0,0.0,0.0,0.0,0.5833333272569445,0.0,0.0,0.0,0.41666666232638894
864,895,3,0.0470675453543663,1.6815837529056297,0.6014975630402845,3.350630090646916,0.9219386399709764,58.4958381652832,1.846060093400241,0.5831328116297062,0.5662517317692467,1.0,0.0,0.0,0.0,0.0,-0.0,1.0,1.0,0.0,0.8709677419354839,0.07526881720430108,0.010752688172043012,0.010752688172043012,0.010752688172043012,0.0,0.0,0.021505376344086023,0.0,0.0,0.0,0.0,0.0,0.0,0.0,0.0,0.0,0.0,0.0,0.6354166600477431,0.0,0.0,0.0,0.3645833295355903
880,911,4,0.05071190372109413,1.6051970700369143,0.22768492382601596,4.517208175623013,0.9358933946526575,59.22372055053711,2.0079758151141114,0.5902711750782716,0.5734575647619542,1.0,0.0,0.0,0.0,0.0,-0.0,1.0,1.0,0.0,0.9108910891089109,0.04950495049504951,0.019801980198019802,0.0,0.009900990099009901,0.0,0.0,0.009900990099009901,0.0,0.0,0.0,0.0,0.0,0.0,0.0,0.0,0.0,0.0,0.0,0.6571428508843539,0.0,0.0,0.0,0.3428571395918368
896,927,4,0.044327013194561005,0.907845544956441,0.0,4.058910097728894,0.9252435281125932,59.39155578613281,1.6379383819922833,0.573906327168806,0.5735921934840097,1.0,0.0,0.0,0.0,0.0,-0.0,1.0,1.0,0.0,0.9557522123893806,0.017699115044247787,0.008849557522123894,0.0,0.008849557522123894,0.0,0.0,0.008849557522123894,0.0,0.0,0.0,0.0,0.0,0.0,0.0,0.0,0.0,0.0,0.0,0.5726495677551319,0.0,0.0,0.0,0.42735042369785964
912,943,4,0.04051633179187775,0.22898110797003138,0.04188452825748053,0.37933210643136883,0.9569957704417583,55.32760238647461,0.8239805611296168,0.5373837665713735,0.5627296654102188,1.0,0.0,0.0,0.0,0.0,-0.0,1.0,1.0,0.0,0.7157894736842105,0.15789473684210525,0.042105263157894736,0.031578947368421054,0.031578947368421054,0.010526315789473684,0.0,0.010526315789473684,0.0,0.0,0.0,0.0,0.0,0.0,0.0,0.0,0.0,0.0,0.0,0.535353529945924,0.0,0.0,0.0,0.4646464599530661
928,959,5,0.050884172320365906,0.2097846185813768,0.034907427890874365,0.39129083099255657,0.9386182479658083,41.74946594238281,0.8329888594839334,0.5377909206553227,0.55524804198375,1.0,0.0,0.0,0.0,0.0,-0.0,1.0,1.0,0.0,0.7631578947368421,0.10526315789473684,0.06578947368421052,0.013157894736842105,0.02631578947368421,0.013157894736842105,0.0,0.013157894736842105,0.0,0.0,0.0,0.0,0.0,0.0,0.0,0.0,0.0,0.0,0.0,0.5185185121170555,0.0,0.0,0.0,0.4814814755372657
944,975,4,0.05162185803055763,0.5237411358990766,0.03826694637545607,2.0414893259037523,0.8861902842656083,56.77568817138672,1.176488673513684,0.5532737787422564,0.5546557630113019,1.0,0.0,0.0,0.0,0.0,-0.0,1.0,1.0,0.0,0.9534883720930233,0.011627906976744186,0.0,0.011627906976744186,0.011627906976744186,0.0,0.0,0.011627906976744186,0.0,0.0,0.0,0.0,0.0,0.0,0.0,0.0,0.0,0.0,0.0,0.4888888834567902,0.0,0.0,0.0,0.5111111054320988
960,991,3,0.05107986181974411,0.8619506506269001,0.11203827563938454,2.1089495680714814,0.9230862800530024,69.49214935302734,1.3426741427032782,0.5607293407072965,0.5564778363201003,1.0,0.0,0.0,0.0,0.0,-0.0,1.0,1.0,0.0,0.8709677419354839,0.07526881720430108,0.021505376344086023,0.010752688172043012,0.010752688172043012,0.0,0.0,0.010752688172043012,0.0,0.0,0.0,0.0,0.0,0.0,0.0,0.0,0.0,0.0,0.0,0.5937499938151043,0.0,0.0,0.0,0.40624999576822923
976,1007,4,0.05072733014822006,0.8366450835227416,0.30090886666097827,1.0843755536033968,0.9154382466726357,64.45516204833984,1.173395636835183,0.5531347780658541,0.5554749188438264,1.0,0.0,0.0,0.0,0.0,-0.0,1.0,1.0,0.0,0.5955056179775281,0.12359550561797752,0.0898876404494382,0.0898876404494382,0.0449438202247191,0.02247191011235955,0.0,0.033707865168539325,0.0,0.0,0.0,0.0,0.0,0.0,0.0,0.0,0.0,0.0,0.0,0.6559139714417853,0.0,0.0,0.0,0.3440860178055267
992,1023,5,0.05594465136528015,0.7492920983365153,0.3004578387038721,1.0332476057627809,0.9345989799637421,61.955543518066406,1.155325002410625,0.5523225206851414,0.5545291993962209,1.0,0.0,0.0,0.0,0.0,-0.0,1.0,1.0,0.0,0.6274509803921569,0.14705882352941177,0.09803921568627451,0.06862745098039216,0.0196078431372549,0.0196078431372549,0.00980392156862745,0.00980392156862745,0.0,0.0,0.0,0.0,0.0,0.0,0.0,0.0,0.0,0.0,0.0,0.570093452615949,0.0,0.0,0.0,0.4299065380382567
1008,1039,5,0.0568351075053215,0.6072444127197942,0.0,1.2519241769216345,0.9152654747323222,63.5108757019043,1.1219334477145373,0.5508208711176911,0.5534167009126619,1.0,0.0,0.0,0.0,0.0,-0.0,1.0,1.0,0.0,0.784,0.104,0.032,0.032,0.016,0.008,0.008,0.016,0.0,0.0,0.0,0.0,0.0,0.0,0.0,0.0,0.0,0.0,0.0,0.6076923030177516,0.0,0.0,0.0,0.39230768928994086
1024,1055,5,0.04668528959155083,0.5533568873157809,0.0,1.700195216659095,0.9052965759838505,76.05948638916016,1.1362631963737815,0.5514654084740254,0.5528313131810709,1.0,0.0,0.0,0.0,0.0,-0.0,1.0,1.0,0.0,0.9084507042253521,0.04929577464788732,0.014084507042253521,0.014084507042253521,0.0,0.0,0.007042253521126761,0.007042253521126761,0.0,0.0,0.0,0.0,0.0,0.0,0.0,0.0,0.0,0.0,0.0,0.6938775463001527,0.0,0.0,0.0,0.3061224468971262
1040,1071,5,0.0394732840359211,0.40219894630749387,0.0,1.5509184143026034,0.8556509187061706,81.25750732421875,1.0055911037629222,0.5455817795114172,0.5506564530801747,1.0,0.0,0.0,0.0,0.0,-0.0,1.0,1.0,0.0,0.9318181818181818,0.05303030303030303,0.0,0.0,0.0,0.0,0.007575757575757576,0.007575757575757576,0.0,0.0,0.0,0.0,0.0,0.0,0.0,0.0,0.0,0.0,0.0,0.591240871596782,0.0,0.0,0.0,0.408759121103948
1056,1087,4,0.026445263996720314,0.3450861542934338,0.0,1.1987219850033275,0.8077073927843847,69.24705505371094,0.8685803554103801,0.539399075194434,0.5472792397144525,1.0,0.0,0.0,0.0,0.0,-0.0,1.0,1.0,0.0,0.9529411764705882,0.03529411764705882,0.0,0.0,0.0,0.0,0.0,0.011764705882352941,0.0,0.0,0.0,0.0,0.0,0.0,0.0,0.0,0.0,0.0,0.0,0.29213482817826036,0.0,0.0,0.0,0.7078651605857847
1072,1103,2,0.036768682301044464,1.5527207504111515,0.37450295031452413,3.1107516120260894,0.8356023035461075,27.386980056762695,1.680984137035063,0.5758190867563692,0.5558411938270275,1.0,0.0,0.0,0.0,0.0,-0.0,1.0,1.0,0.0,0.8222222222222222,0.044444444444444446,0.022222222222222223,0.0,0.044444444444444446,0.0,0.022222222222222223,0.044444444444444446,0.0,0.0,0.0,0.0,0.0,0.0,0.0,0.0,0.0,0.0,0.0,0.0,0.0,0.0,0.0,0.9999999787234047
1088,1119,3,0.048933953046798706,1.6818551924044751,0.4015563045944065,3.1629607995208384,0.9313097811324559,18.908613204956055,1.8283069548933049,0.582347948693326,0.563793220286917,1.0,0.0,0.0,0.0,0.0,-0.0,1.0,1.0,0.0,0.8181818181818182,0.030303030303030304,0.030303030303030304,0.0,0.06060606060606061,0.0,0.0,0.06060606060606061,0.0,0.0,0.0,0.0,0.0,0.0,0.0,0.0,0.0,0.0,0.0,0.11111110802469146,0.0,0.0,0.0,0.8888888641975317
1104,1135,3,0.05972554162144661,2.5096997507929935,0.43817193084015615,4.056807736948604,0.9280134965128338,50.55615234375,2.318522970684488,0.6038540034320881,0.5758114552304683,1.0,0.0,0.0,0.0,0.0,-0.0,1.0,1.0,0.0,0.6461538461538462,0.15384615384615385,0.06153846153846154,0.03076923076923077,0.0,0.046153846153846156,0.03076923076923077,0.03076923076923077,0.0,0.0,0.0,0.0,0.0,0.0,0.0,0.0,0.0,0.0,0.0,0.5294117569204153,0.0,0.0,0.0,0.47058822837370257
1120,1151,3,0.048206571489572525,2.4318954436759728,0.35210229573476803,3.664943402293338,0.8850038298716574,58.359806060791016,2.1740184016202666,0.5975521586422844,0.5823336662540131,1.0,0.0,0.0,0.0,0.0,-0.0,1.0,1.0,0.0,0.5934065934065934,0.18681318681318682,0.10989010989010989,0.03296703296703297,0.0,0.03296703296703297,0.02197802197802198,0.02197802197802198,0.0,0.0,0.0,0.0,0.0,0.0,0.0,0.0,0.0,0.0,0.0,0.6595744610683568,0.0,0.0,0.0,0.34042552829334544
1136,1167,3,0.03795328736305237,2.936753535414672,1.4848722531625587,4.503416100026984,0.8957863488609775,78.54959106445312,2.482568880082353,0.6109663784612872,0.5909234799161953,1.0,0.0,0.0,0.0,0.0,-0.0,1.0,1.0,0.0,0.6533333333333333,0.24,0.06666666666666667,0.013333333333333334,0.0,0.0,0.0,0.02666666666666667,0.0,0.0,0.0,0.0,0.0,0.0,0.0,0.0,0.0,0.0,0.0,0.5897435821827746,0.0,0.0,0.0,0.4102564049967128
1152,1183,3,0.05035560950636864,3.7627021580804265,1.7284279108691023,5.414242885712547,0.8576570644702209,96.1466064453125,2.957700553550428,0.6312920528001742,0.603034051781389,1.0,0.0,0.0,0.0,0.0,-0.0,1.0,1.0,0.0,0.6349206349206349,0.19047619047619047,0.07936507936507936,0.015873015873015872,0.031746031746031744,0.015873015873015872,0.0,0.031746031746031744,0.0,0.0,0.0,0.0,0.0,0.0,0.0,0.0,0.0,0.0,0.0,0.4848484775022958,0.0,0.0,0.0,0.5151515073461893
1168,1199,5,0.051000792533159256,1.4149333507532835,0.37414741326825984,3.0768866824022205,0.8703536677461873,205.6842041015625,1.6772205090421335,0.5756519377898313,0.5948194175839217,1.0,0.0,0.0,0.0,0.0,-0.0,1.0,1.0,0.0,0.8365384615384616,0.09615384615384616,0.019230769230769232,0.009615384615384616,0.0,0.0,0.0,0.038461538461538464,0.0,0.0,0.0,0.0,0.0,0.0,0.0,0.0,0.0,0.0,0.0,0.39449540922481274,0.0,0.1467889894790001,0.0,0.4587155921218753
1184,1215,8,0.0654846578836441,0.8318673364527344,0.0,1.9392454940639627,0.9091958564295651,218.13075256347656,1.3328628981956812,0.5602899065388915,0.5844605642704126,1.0,0.0,0.0,0.0,0.0,-0.0,1.0,1.0,0.0,0.8439306358381503,0.06358381502890173,0.028901734104046242,0.028901734104046242,0.011560693641618497,0.005780346820809248,0.011560693641618497,0.005780346820809248,0.0,0.0,0.0,0.0,0.0,0.0,0.0,0.0,0.0,0.0,0.0,0.33701657272366536,0.0,0.17127071728579715,0.0,0.49171270446567567
1200,1231,8,0.0654846578836441,0.3159313512486103,0.0,1.3487037509562503,0.820044565842745,170.53009033203125,0.9844164853651796,0.5446271295032994,0.5725105338402786,1.0,0.0,0.0,0.0,0.0,-0.0,1.0,1.0,0.0,0.9428571428571428,0.014285714285714285,0.009523809523809525,0.01904761904761905,0.009523809523809525,0.0,0.0,0.004761904761904762,0.0,0.0,0.0,0.0,0.0,0.0,0.0,0.0,0.0,0.0,0.0,0.3761467872653817,0.0,0.0688073391339113,0.0,0.555045869013551
1216,1247,7,0.0,0.0,0.0,0.0,0.0,97.71392822265625,0.0,0.5,0.550757373688195,1.0,0.0,0.0,0.0,0.0,-0.0,1.0,1.0,0.0,1.0,0.0,0.0,0.0,0.0,0.0,0.0,0.0,0.0,0.0,0.0,0.0,0.0,0.0,0.0,0.0,0.0,0.0,0.0,0.4615384583109199,0.0,0.0,0.0,0.5384615346960732
1232,1263,9,0.02031356282532215,0.0,0.0,0.0,0.0,275.727294921875,0.0507839061319828,0.5023083429695808,0.5362226644726107,1.0,0.0,0.0,0.0,0.0,-0.0,1.0,1.0,0.0,1.0,0.0,0.0,0.0,0.0,0.0,0.0,0.0,0.0,0.0,0.0,0.0,0.0,0.0,0.0,0.0,0.0,0.0,0.0,0.33962263510145974,0.056603772516909956,0.35849055927376305,0.0,0.24528301423994314
1248,1279,4,0.020127546042203903,0.0,0.0,0.0,0.0,82.03221893310547,0.05031886696815491,0.5022872051875276,0.5260420266870858,1.0,0.0,0.0,0.0,0.0,-0.0,1.0,1.0,0.0,1.0,0.0,0.0,0.0,0.0,0.0,0.0,0.0,0.0,0.0,0.0,0.0,0.0,0.0,0.0,0.0,0.0,0.0,0.0,0.0,0.34210525865650976,0.6578947281855957,0.0,0.0
1264,1295,4,0.007210027892142534,0.0,0.0,0.0,0.0,110.39878845214844,0.018025070428848267,0.5008193206392134,0.5184752148727241,1.0,0.0,0.0,0.0,0.0,-0.0,1.0,1.0,0.0,1.0,0.0,0.0,0.0,0.0,0.0,0.0,0.0,0.0,0.0,0.0,0.0,0.0,0.0,0.0,0.0,0.0,0.0,0.0,0.0,0.5425531857175193,0.45744680364418294,0.0,0.0
1280,1311,4,0.0026645006146281958,0.0,0.0,0.0,0.0,248.9241943359375,0.006661251652985811,0.5003027841369706,0.513023485651998,1.0,0.0,0.0,0.0,0.0,-0.0,1.0,1.0,0.0,1.0,0.0,0.0,0.0,0.0,0.0,0.0,0.0,0.0,0.0,0.0,0.0,0.0,0.0,0.0,0.0,0.0,0.0,0.0,0.0,0.5901639247514111,0.19672130825047038,0.0,0.21311475060467622
1296,1327,4,0.01897834986448288,0.0,0.0,0.0,0.0,230.25680541992188,0.0474458746612072,0.5021566172500398,0.5097634251314105,1.0,0.0,0.0,0.0,0.0,-0.0,1.0,1.0,0.0,1.0,0.0,0.0,0.0,0.0,0.0,0.0,0.0,0.0,0.0,0.0,0.0,0.0,0.0,0.0,0.0,0.0,0.0,0.0,0.0,0.19999999500000012,0.024999999375000016,0.0,0.7749999806250005
1312,1343,5,0.03001946210861206,0.13330367002955482,0.0,0.3995875039575798,0.6280760724651601,187.6193389892578,0.5651538901941395,0.5256662337827047,0.5145342677267988,1.0,0.0,0.0,0.0,0.0,-0.0,1.0,1.0,0.0,0.8888888888888888,0.0,0.0,0.037037037037037035,0.018518518518518517,0.0,0.018518518518518517,0.037037037037037035,0.0,0.0,0.0,0.0,0.0,0.0,0.0,0.0,0.0,0.0,0.0,0.0,0.03389830451019823,0.28813558833668496,0.0,0.6779660902039646
1328,1359,6,0.038411252200603485,0.4314806439781669,0.0,1.0599339122419713,0.884074002993631,260.36102294921875,0.9580548604510168,0.5434381674754208,0.5232054376513854,1.0,0.0,0.0,0.0,0.0,-0.0,1.0,1.0,0.0,0.8137254901960784,0.08823529411764706,0.029411764705882353,0.0392156862745098,0.00980392156862745,0.0,0.0,0.0196078431372549,0.0,0.0,0.0,0.0,0.0,0.0,0.0,0.0,0.0,0.0,0.0,0.0,0.22222222016460907,0.27777777520576136,0.0,0.49999999537037043
1344,1375,10,0.06869181245565414,0.6063053502263654,0.0,1.7280402605309477,0.899325242830173,275.2415466308594,1.2130528699202632,0.5549163321234799,0.5327187059930137,1.0,0.0,0.0,0.0,0.0,-0.0,1.0,1.0,0.0,0.8776978417266187,0.050359712230215826,0.02877697841726619,0.0,0.014388489208633094,0.007194244604316547,0.014388489208633094,0.007194244604316547,0.0,0.0,0.0,0.0,0.0,0.0,0.0,0.0,0.0,0.0,0.0,0.0,0.530201338723481,0.09395973091302194,0.0,0.37583892365208776
1360,1391,18,0.08381025493144989,0.4677339740364234,0.0,1.902593799185329,0.8671485319407085,254.52127075195312,1.2022974195510288,0.5544332938094856,0.5392330823379552,1.0,0.0,0.0,0.0,0.0,-0.0,1.0,1.0,0.0,0.9354838709677419,0.012096774193548387,0.012096774193548387,0.004032258064516129,0.012096774193548387,0.016129032258064516,0.004032258064516129,0.004032258064516129,0.0,0.0,0.0,0.0,0.0,0.0,0.0,0.0,0.0,0.052631578749505345,0.0,0.0,0.48496240419187064,0.1240601499095483,0.0,0.3383458633896772
1376,1407,19,0.04933654144406319,0.24822739754782192,0.0,1.4081602046473531,0.6879424531823185,293.2239990234375,0.8466218213416167,0.5384070027204128,0.5389852584526924,1.0,0.0,0.0,0.0,0.0,-0.0,1.0,1.0,0.0,0.9645569620253165,0.005063291139240506,0.005063291139240506,0.007594936708860759,0.002531645569620253,0.010126582278481013,0.002531645569620253,0.002531645569620253,0.0,0.0,0.0,0.0,0.0,0.0,0.0,0.0,0.0,0.07246376794090878,0.0,0.0,0.37198067542999835,0.2342995163422717,0.0,0.32125603787136225
1392,1423,17,0.010021181777119637,0.10084730137954787,0.0,0.9990205277891282,0.27083981889890085,216.76263427734375,0.37774884631118033,0.5171636556548416,0.5324387776133371,1.0,0.0,0.0,0.0,0.0,-0.0,1.0,1.0,0.0,0.9876160990712074,0.0030959752321981426,0.0,0.0030959752321981426,0.0,0.0,0.0030959752321981426,0.0030959752321981426,0.0,0.0,0.0,0.0,0.0,0.0,0.0,0.0,0.0,0.05588235277681661,0.0,0.0,0.4294117634429066,0.2676470580363322,0.0,0.24705882280276817
1408,1439,14,0.008215820416808128,0.04432260774058184,0.0,0.2547315899009501,0.5361082841175451,189.45974731445312,0.39814330488958377,0.5180895241439419,0.5281340015725186,1.0,0.0,0.0,0.0,0.0,-0.0,1.0,1.0,0.0,0.968,0.0,0.008,0.008,0.0,0.0,0.0,0.016,0.0,0.0,0.0,0.0,0.0,0.0,0.0,0.0,0.0,0.021582733657678176,0.0,0.0,0.661870498835464,0.1942446029191036,0.0,0.12230215739350966
1424,1455,4,0.005578530021011829,0.45648226615272813,0.0,1.5512576644594998,0.7429736724633673,59.53385925292969,0.8750120912422288,0.5396895981499488,0.5316006805457476,1.0,0.0,0.0,0.0,0.0,-0.0,1.0,1.0,0.0,0.8928571428571429,0.07142857142857142,0.0,0.0,0.0,0.0,0.017857142857142856,0.017857142857142856,0.0,0.0,0.0,0.0,0.0,0.0,0.0,0.0,0.0,0.0,0.0,0.0,0.9999999833333336,0.0,0.0,0.0
1440,1471,2,0.0046427990309894085,0.5347850963819807,0.0,1.5376518787224744,0.7871458055582237,47.7946891784668,0.928456293185145,0.5421026233974121,0.5347512634012469,1.0,0.0,0.0,0.0,0.0,-0.0,1.0,1.0,0.0,0.8709677419354839,0.08064516129032258,0.0,0.016129032258064516,0.0,0.0,0.016129032258064516,0.016129032258064516,0.0,0.0,0.0,0.0,0.0,0.0,0.0,0.0,0.0,0.0,0.0,0.0,0.9999999843750003,0.0,0.0,0.0
1456,1487,3,0.00862346962094307,0.26546140059103596,0.0,0.6672650354240028,0.8757615348431571,57.51543045043945,0.7532899054894762,0.5341870254076175,0.534581992003158,1.0,0.0,0.0,0.0,0.0,-0.0,1.0,1.0,0.0,0.8360655737704918,0.06557377049180328,0.03278688524590164,0.03278688524590164,0.01639344262295082,0.0,0.0,0.01639344262295082,0.0,0.0,0.0,0.0,0.0,0.0,0.0,0.0,0.0,0.0,0.0,0.0,0.9999999843750003,0.0,0.0,0.0
1472,1503,4,0.01550818420946598,0.06832106007884821,0.0,0.33486905139730405,0.5578858913022596,210.77842712402344,0.4510607762390059,0.5204912788021978,0.5303547780428699,1.0,0.0,0.0,0.0,0.0,-0.0,1.0,1.0,0.0,0.9428571428571428,0.014285714285714285,0.014285714285714285,0.0,0.0,0.0,0.014285714285714285,0.014285714285714285,0.0,0.0,0.0,0.0,0.0,0.0,0.0,0.0,0.0,0.0,0.0,0.0,0.8648648531775021,0.0,0.0,0.1351351333089847
1488,1519,5,0.01530472282320261,0.0,0.0,0.0,0.0,362.3612365722656,0.03826180845499039,0.5017391660658524,0.5217700944497646,1.0,0.0,0.0,0.0,0.0,-0.0,1.0,1.0,0.0,1.0,0.0,0.0,0.0,0.0,0.0,0.0,0.0,0.0,0.0,0.0,0.0,0.0,0.0,0.0,0.0,0.0,0.0,0.0,0.0,0.6176470497404846,0.0,0.0,0.3823529355536333
1504,1535,8,0.015455122105777264,0.0,0.0,0.0,0.0,312.7437744140625,0.038637805730104446,0.5017562566740175,0.5157659431170405,1.0,0.0,0.0,0.0,0.0,-0.0,1.0,1.0,0.0,1.0,0.0,0.0,0.0,0.0,0.0,0.0,0.0,0.0,0.0,0.0,0.0,0.0,0.0,0.0,0.0,0.0,0.0,0.0,0.0,0.6265060165481203,0.1204819262592539,0.0,0.2530120451444332
1520,1551,6,0.007035114336758852,0.0,0.0,0.0,0.0,145.07540893554688,0.01758778654038906,0.5007994441720823,0.511275993433553,1.0,0.0,0.0,0.0,0.0,-0.0,1.0,1.0,0.0,1.0,0.0,0.0,0.0,0.0,0.0,0.0,0.0,0.0,0.0,0.0,0.0,0.0,0.0,0.0,0.0,0.0,0.0,0.0,0.0,0.763358772798788,0.19847328092768488,0.0,0.0381679386399394
1536,1567,5,0.0,0.0,0.0,0.0,0.0,79.96807861328125,0.0,0.5,0.5078931954034871,1.0,0.0,0.0,0.0,0.0,-0.0,1.0,1.0,0.0,1.0,0.0,0.0,0.0,0.0,0.0,0.0,0.0,0.0,0.0,0.0,0.0,0.0,0.0,0.0,0.0,0.0,0.0,0.0,0.0,0.7878787799204164,0.21212120997857364,0.0,0.0
1552,1583,3,0.0,0.0,0.0,0.0,0.0,49.69192123413086,0.0,0.5,0.505525236782441,1.0,0.0,0.0,0.0,0.0,-0.0,1.0,1.0,0.0,1.0,0.0,0.0,0.0,0.0,0.0,0.0,0.0,0.0,0.0,0.0,0.0,0.0,0.0,0.0,0.0,0.0,0.0,0.0,0.0,0.7999999680000013,0.19999999200000032,0.0,0.0
1568,1599,1,0.0018735281191766262,0.0,0.0,0.0,0.0,0.0,0.004683820530772209,0.5002129009243188,0.5039315360250043,1.0,0.0,0.0,0.0,0.0,-0.0,1.0,1.0,0.0,1.0,0.0,0.0,0.0,0.0,0.0,0.0,0.0,0.0,0.0,0.0,0.0,0.0,0.0,0.0,0.0,0.0,0.0,0.0,0.0,0.0,0.0,0.0,0.99999950000025
1584,1615,4,0.013502564281225204,0.0,0.0,0.0,0.0,71.19829559326172,0.03375641256570816,0.5015343775304475,0.5032123884766372,1.0,0.0,0.0,0.0,0.0,-0.0,1.0,1.0,0.0,1.0,0.0,0.0,0.0,0.0,0.0,0.0,0.0,0.0,0.0,0.0,0.0,0.0,0.0,0.0,0.0,0.0,0.0,0.0,0.0,0.0,0.0,0.37931033174791956,0.620689633769323
1600,1631,17,0.07754616439342499,0.8090132207442738,0.0,2.491209823171773,0.810542532612524,113.10053253173828,1.377477710473395,0.5622873794136004,0.5209348857577261,1.0,0.0,0.0,0.0,0.0,-0.0,1.0,1.0,0.0,0.896969696969697,0.006060606060606061,0.006060606060606061,0.006060606060606061,0.030303030303030304,0.012121212121212121,0.024242424242424242,0.01818181818181818,0.0,0.0,0.0,0.0,0.0,0.0,0.0,0.0,0.0,0.04945054917884314,0.0,0.0,0.0,0.1648351639294771,0.626373622932013,0.1593406584651612
1616,1647,24,0.11815780401229858,0.6514687729146833,0.0,2.087892212745206,0.8640753476176726,113.49832153320312,1.3876110341576164,0.5627407847956847,0.5334766554691136,1.0,0.0,0.0,0.0,0.0,-0.0,1.0,1.0,0.0,0.8987951807228916,0.016867469879518072,0.016867469879518072,0.01927710843373494,0.014457831325301205,0.012048192771084338,0.012048192771084338,0.00963855421686747,0.0,0.0,0.0,0.0,0.0,0.0,0.0,0.0,0.0,0.12984054640127438,0.0,0.0,0.020501138905464376,0.25968109280254875,0.5603644634160263,0.029612756196781876
1632,1663,26,0.09096711128950119,0.5421000027803607,0.0,2.119015374669973,0.8368826136436331,131.16317749023438,1.2642396701973753,0.5572137469452298,0.5405977829119484,1.0,0.0,0.0,0.0,0.0,-0.0,1.0,1.0,0.0,0.9289520426287744,0.023090586145648313,0.02486678507992895,0.010657193605683837,0.0053285968028419185,0.0017761989342806395,0.0017761989342806395,0.003552397868561279,0.0,0.0,0.0,0.0,0.0,0.0,0.0,0.0,0.0,0.16638370090596996,0.0,0.0,0.06960950752188538,0.3327674018119399,0.4312393880624119,0.0
1648,1679,31,0.08079581707715988,0.48788388074062095,0.0,2.047059117227248,0.7366601137856641,123.85848999023438,1.146198031587221,0.5519121658243108,0.543992097785657,1.0,0.0,0.0,0.0,0.0,-0.0,1.0,1.0,0.0,0.9347408829174664,0.030710172744721688,0.015355086372360844,0.007677543186180422,0.003838771593090211,0.0019193857965451055,0.0019193857965451055,0.003838771593090211,0.0,0.0,0.0,0.0,0.0,0.0,0.0,0.0,0.0,0.19565217355860112,0.0,0.0,0.10688405777738395,0.38768115871796893,0.3097826081344518,0.0
1664,1695,36,0.13401362299919128,0.548481134585051,0.0,2.0582929290145064,0.7183857664991753,144.92840576171875,1.2942019501168545,0.5585574141096273,0.5483616926828481,1.0,0.0,0.0,0.0,0.0,-0.0,1.0,1.0,0.0,0.9223985890652557,0.03350970017636684,0.019400352733686066,0.008818342151675485,0.010582010582010581,0.003527336860670194,0.0,0.001763668430335097,0.0,0.0,0.0,0.0,0.0,0.0,0.0,0.0,0.00829187394976472,0.20895522353407095,0.0,0.0,0.17412935294505913,0.4676616907667302,0.14096185714600024,0.0
1680,1711,36,0.1524815708398819,0.47558731399786075,0.0,1.9182440038925175,0.791620038996466,143.99986267089844,1.3341474729540779,0.5603474465327059,0.5519574188378054,1.0,0.0,0.0,0.0,0.0,-0.0,1.0,1.0,0.0,0.9323204419889503,0.03038674033149171,0.016574585635359115,0.009668508287292817,0.0055248618784530384,0.0027624309392265192,0.0013812154696132596,0.0013812154696132596,0.0,0.0,0.0,0.0,0.0,0.0,0.0,0.0,0.04473684204639889,0.1539473682184903,0.0,0.006578947359764543,0.25263157861495844,0.4881578940945291,0.053947368350069254,0.0
1696,1727,50,0.18654276430606842,0.5182003210458246,0.0,1.9706650360805802,0.9185025917827211,139.70016479492188,1.5203383429905697,0.5686695856231964,0.5569710688734226,1.0,0.0,0.0,0.0,0.0,-0.0,1.0,1.0,0.0,0.926729986431479,0.021709633649932156,0.024423337856173677,0.0067842605156037995,0.009497964721845319,0.005427408412483039,0.0027137042062415195,0.0027137042062415195,0.0,0.0,0.0,0.0,0.0,0.0,0.0,0.0,0.12960609894586264,0.0787801777906224,0.0,0.02668360860650113,0.28716645452710743,0.45235069828163826,0.025412960577620127,0.0
1712,1743,65,0.28128835558891296,0.7513102563204466,0.0,2.578021005881684,0.6411695027536275,132.41477966308594,1.7751499315749566,0.5799954058799095,0.5638783699753687,1.0,0.0,0.0,0.0,0.0,-0.0,1.0,1.0,0.0,0.9127789046653144,0.007099391480730223,0.02028397565922921,0.018255578093306288,0.028397565922920892,0.006085192697768763,0.004056795131845842,0.0030425963488843813,0.0,0.0,0.0,0.0,0.0,0.0,0.0,0.0,0.14747859167699467,0.14367269253694318,0.005708848710077213,0.02949571833539893,0.23215984754313998,0.39486203578034057,0.04662226446563057,0.0
1728,1759,71,0.31617194414138794,0.7440778216219498,0.0,2.47338208562363,0.8556256056887327,173.1752166748047,1.9724436513315522,0.5887078154337879,0.5713272036128945,1.0,0.0,0.0,0.0,0.0,-0.0,1.0,1.0,0.0,0.9075747046560111,0.0236275191104934,0.030576789437109102,0.022237665045170257,0.009728978457261988,0.004169562195969423,0.001389854065323141,0.0006949270326615705,0.0,0.0,0.0,0.0,0.015894039724573483,0.0,0.0,0.0,0.0986754966233937,0.2443708607653173,0.06092715227753168,0.009933774827858427,0.16092715221130652,0.3086092713188018,0.10066225158896538,0.0
1744,1775,84,0.29754894971847534,0.6652883091831118,0.0,2.3253259334725143,0.9440292116010071,223.49008178710938,1.9252041288879145,0.5866265790199537,0.5759170162350122,1.0,0.0,0.0,0.0,0.0,-0.0,1.0,1.0,0.0,0.9121482498284146,0.043239533287577216,0.024708304735758406,0.012354152367879203,0.004118050789293068,0.0006863417982155113,0.0013726835964310226,0.0013726835964310226,0.0,0.0,0.0,0.0,0.05840363396599375,0.0,0.0,0.0,0.07332900709063658,0.2206359505381986,0.15184944831158373,0.013627514592065206,0.13432835812178562,0.2245295261359315,0.12329656059487568,0.0
1760,1791,72,0.2727482318878174,0.548652564431985,0.0,2.1315740764223703,0.9230297858390598,260.9161682128906,1.7748855864938604,0.5799836977156128,0.5771370206791924,1.0,0.0,0.0,0.0,0.0,-0.0,1.0,1.0,0.0,0.9308600337268128,0.02782462057335582,0.026981450252951095,0.00927487352445194,0.0016863406408094434,0.0,0.002529510961214165,0.0008431703204047217,0.0,0.0,0.0,0.0,0.15421303644339185,0.0,0.0,0.0,0.04451510330324713,0.08664546892953459,0.21860095372130287,0.04213036562628746,0.1534181238844053,0.1891891890388003,0.09697933219635982,0.014308426061758006
1776,1807,52,0.2282332330942154,0.9230969852241929,0.0,2.6045046956212556,0.7942561363908436,292.7052917480469,1.8070512851149199,0.581407690842993,0.5784182217283326,1.0,0.0,0.0,0.0,0.0,-0.0,1.0,1.0,0.0,0.8884462151394422,0.07569721115537849,0.02888446215139442,0.00099601593625498,0.00398406374501992,0.00099601593625498,0.0,0.00099601593625498,0.0,0.0,0.0,0.0,0.1969696967831726,0.0,0.0,0.0,0.04924242419579315,0.0,0.190340908910662,0.044507575715428425,0.20359848465568323,0.19791666647924555,0.07575757568583562,0.041666666627209595
1792,1823,48,0.16661898791790009,0.9455128595388259,0.0,2.508254390571852,0.591770989880394,261.506103515625,1.5260533503228522,0.568924440623965,0.5755700873970222,1.0,0.0,0.0,0.0,0.0,-0.0,1.0,1.0,0.0,0.8516421291053228,0.039637599093997736,0.05549263873159683,0.030577576443941108,0.015855039637599093,0.0011325028312570782,0.0033975084937712344,0.0022650056625141564,0.0,0.0,0.0,0.0,0.12674543487997267,0.0,0.0,0.0,0.0848549945382868,0.0,0.1138560686209924,0.01611170782372534,0.25778732517960545,0.2459720727755402,0.1181525240406525,0.03651987106711077
1808,1839,43,0.13625027239322662,0.39111088976866787,0.0,1.551098372946023,0.7322832654568381,230.01866149902344,1.1691047296927826,0.5529419314909302,0.5687816406251945,1.0,0.0,0.0,0.0,0.0,-0.0,1.0,1.0,0.0,0.9298245614035088,0.017543859649122806,0.006265664160401002,0.016290726817042606,0.008771929824561403,0.005012531328320802,0.011278195488721804,0.005012531328320802,0.0,0.0,0.0,0.0,0.047562425627155264,0.0,0.0,0.0,0.06420927459665961,0.010701545766109934,0.04875148626783414,0.0,0.24613555262052847,0.35196194964094896,0.22116527916627196,0.009512485125431052
1824,1855,38,0.12843447923660278,0.41527522828247426,0.0,1.4925049013740064,0.8660418799052954,207.48138427734375,1.2306971596027543,0.5557085301897856,0.5648597074945718,1.0,0.0,0.0,0.0,0.0,-0.0,1.0,1.0,0.0,0.9247467438494935,0.0361794500723589,0.02170767004341534,0.00723589001447178,0.004341534008683068,0.004341534008683068,0.0,0.001447178002894356,0.0,0.0,0.0,0.0,0.0027434842212023538,0.0,0.0,0.0,0.04526748964983884,0.03429355276502942,0.012345678995410591,0.0,0.16598079538274238,0.43484224906057306,0.30452674855346124,0.0
1840,1871,37,0.14801670610904694,0.6730458773459759,0.0,1.9509899986096129,0.8025289237809028,172.29823303222656,1.413425967299272,0.5638953727121112,0.5645704070598336,1.0,0.0,0.0,0.0,0.0,-0.0,1.0,1.0,0.0,0.8830963665086888,0.03949447077409163,0.04897314375987362,0.01263823064770932,0.007898894154818325,0.004739336492890996,0.0,0.00315955766192733,0.0,0.0,0.0,0.0,0.0,0.0,0.0,0.0,0.04029850740253954,0.04776119395856538,0.05820895513700156,0.0,0.14925373112051682,0.4358208948719091,0.26865671601693025,0.0
1856,1887,39,0.16323286294937134,0.6743061516691701,0.0,2.0910355400797123,0.7163345745994678,186.76092529296875,1.421260665043183,0.5642456477446645,0.5644729792652828,1.0,0.0,0.0,0.0,0.0,-0.0,1.0,1.0,0.0,0.8953488372093024,0.05426356589147287,0.03229974160206718,0.011627906976744186,0.002583979328165375,0.0012919896640826874,0.0012919896640826874,0.0012919896640826874,0.0,0.0,0.0,0.0,0.0,0.0,0.0,0.0,0.013530135284710781,0.06396063952772368,0.10701106997907618,0.0,0.21279212765954228,0.3776137756732918,0.22509225064564298,0.0
1872,1903,38,0.1413063108921051,0.40609382602023797,0.0,1.5799250422732858,0.7121887342100639,176.5777130126953,1.180005317370266,0.5534318061527645,0.5611606273315273,1.0,0.0,0.0,0.0,0.0,-0.0,1.0,1.0,0.0,0.9286536248561565,0.02991944764096663,0.01726121979286536,0.01611047180667434,0.004602991944764097,0.0011507479861910242,0.0,0.0023014959723820483,0.0,0.0,0.0,0.0,0.0,0.0,0.0,0.0,0.009922822480790714,0.09151047398951437,0.10253583230150404,0.0,0.21389195125259983,0.32414553437249666,0.2579933845005586,0.0
1888,1919,33,0.05262354388833046,0.18164102277248392,0.0,1.04154201542212,0.6493288369533895,172.132080078125,0.750043877746422,0.5340401655156267,0.5530244887867571,1.0,0.0,0.0,0.0,0.0,-0.0,1.0,1.0,0.0,0.9665605095541401,0.020700636942675158,0.004777070063694267,0.006369426751592357,0.0,0.0,0.0,0.0015923566878980893,0.0,0.0,0.0,0.0,0.0,0.0,0.0,0.0,0.03782148254489942,0.11043872903110631,0.09682299531494253,0.0,0.2027231464406609,0.26475037781429595,0.2874432673412356,0.0
