start_proc_frame,end_proc_frame,start_orig_frame,end_orig_frame,crowd_count,occupancy,mean_speed,median_speed,speed_std,dir_entropy,mean_pairwise_distance,risk_raw,risk_score,risk_ema,act_p_Normal,act_p_Light_Panic,act_p_Fight,act_p_Violent_Group,act_p_Stampede,act_entropy,act_top_prob,act_top2_gap,act_abnormal_prob,vel_hist_0,vel_hist_1,vel_hist_2,vel_hist_3,vel_hist_4,vel_hist_5,vel_hist_6,vel_hist_7,density_0,density_1,density_2,density_3,density_4,density_5,density_6,density_7,density_8,density_9,density_10,density_11,density_12,density_13,density_14,density_15,source_file,video_id,start_frame,end_frame,escalation_level_heur,surge_label_heur,escalation_level,surge_label,delta_crowd_count,delta_occupancy,delta_mean_speed,delta_risk_ema,delta_risk_score,speed_per_person
0.0,31.0,,,34,0.38972375,3.940425199759913,0.0,7.344019392967142,0.6454603908819405,480.4359130859375,4.039358555553092,0.6757763950504327,0.6757763950504327,1.0,0.0,0.0,0.0,0.0,-0.0,1.0,1.0,0.0,0.8076358296622613,0.1424375917767988,0.0323054331864904,0.0073421439060205,0.0073421439060205,0.0014684287812041,0.0,0.0014684287812041,0.0,0.0,0.0,0.0,0.1720279717873734,0.1020979019551078,0.0,0.0195804195530343,0.0475524474859406,0.1790209787706,0.0363636363127781,0.0125874125698078,0.1454545452511125,0.1762237759773094,0.1090909089383344,0.0,/Users/ithikash/Downloads/Crowd-Analysis-main/fusion/alpha_fused_fast/alpha_windows.csv,alpha_fused_fast,,,2,1,2,1,0.0,0.0,0.0,0.0,0.0,0.11589485540779582
16.0,47.0,,,45,0.47369173,2.7468396833608892,0.0,6.620435787476452,0.6553645605287196,463.5526123046875,3.485019977783055,0.6533143614452598,0.6690377849688808,1.0,0.0,0.0,0.0,0.0,-0.0,1.0,1.0,0.0,0.87117903930131,0.0949781659388646,0.0207423580786026,0.0032751091703056,0.0076419213973799,0.0,0.0010917030567685,0.0010917030567685,0.0,0.0,0.0,0.0,0.1821019769176878,0.073881373492319,0.0,0.0457856399107329,0.074921956217563,0.1748178978409803,0.0416233090097572,0.0489073880864647,0.1030176897991491,0.1311134233807352,0.1123829343263445,0.0114464099776832,/Users/ithikash/Downloads/Crowd-Analysis-main/fusion/alpha_fused_fast/alpha_windows.csv,alpha_fused_fast,,,2,1,2,1,11.0,0.08396798,-1.1935855163990237,-0.006738610081551966,-0.02246203360517296,0.0610408804960002
32.0,63.0,,,53,0.4791988,2.7304975044432607,0.0,8.005594306510236,0.6367470130858324,511.5845947265625,3.6750863556053393,0.6610994361802986,0.6666562803323061,1.0,0.0,0.0,0.0,0.0,-0.0,1.0,1.0,0.0,0.9,0.0623762376237623,0.0188118811881188,0.0059405940594059,0.0069306930693069,0.0029702970297029,0.0009900990099009,0.0019801980198019,0.0,0.0028222013143723,0.0,0.0,0.1401693319471596,0.0752587017165957,0.0,0.0451552210299574,0.1128880525748936,0.1222953902894681,0.069614299087851,0.069614299087851,0.0818438381167978,0.1185324552036383,0.1175917214321808,0.0442144872585,/Users/ithikash/Downloads/Crowd-Analysis-main/fusion/alpha_fused_fast/alpha_windows.csv,alpha_fused_fast,,,2,1,2,1,8.0,0.005507070000000003,-0.01634217891762857,-0.002381504636574716,0.007785074735038866,0.05151881986649889
48.0,79.0,,,58,0.4477857,2.792271255053874,0.0,8.078863452699665,0.6715946064178799,554.2486572265625,3.731694783777227,0.663401588988569,0.665679872929185,1.0,0.0,0.0,0.0,0.0,-0.0,1.0,1.0,0.0,0.9061855670103092,0.0556701030927835,0.0195876288659793,0.0061855670103092,0.0051546391752577,0.0041237113402061,0.0010309278350515,0.002061855670103,0.0,0.0184824902543944,0.0,0.0,0.0885214006920998,0.0476653696034383,0.007782101159745,0.030155641994012,0.0963035018518448,0.0933852139169404,0.0622568092779603,0.0573929960531196,0.1342412450056019,0.1157587547512074,0.1536964979049644,0.0943579765619085,/Users/ithikash/Downloads/Crowd-Analysis-main/fusion/alpha_fused_fast/alpha_windows.csv,alpha_fused_fast,,,2,1,2,1,5.0,-0.03141309999999997,0.0617737506106133,-0.0009764074031211045,0.002302152808270397,0.0481426070157115
64.0,95.0,,,63,0.5945427,2.886372609105079,0.0,7.918983507021399,0.7590805631479158,527.3219604492188,3.79784490758399,0.6660819830278834,0.6658005059587945,1.0,0.0,0.0,0.0,0.0,-0.0,1.0,1.0,0.0,0.8882466281310212,0.0684007707129094,0.0202312138728323,0.0067437379576107,0.0067437379576107,0.0057803468208092,0.001926782273603,0.001926782273603,0.0,0.0181653042523475,0.0,0.0,0.0445049954182515,0.0281562215911387,0.0190735694649649,0.0390554041425473,0.1008174386005291,0.0617620344579818,0.052679382331808,0.0499545866939558,0.1834695729487106,0.09355131689959,0.1871026337991801,0.1217075384907288,/Users/ithikash/Downloads/Crowd-Analysis-main/fusion/alpha_fused_fast/alpha_windows.csv,alpha_fused_fast,,,2,1,2,1,5.0,0.14675699999999997,0.09410135405120501,0.00012063302960951816,0.0026803940393143044,0.045815437512533995
80.0,111.0,,,59,0.61243457,3.296408586340373,0.0,8.636859484222121,0.7235531006267308,574.87646484375,4.048224217545506,0.6761294749531173,0.6688991966570913,1.0,0.0,0.0,0.0,0.0,-0.0,1.0,1.0,0.0,0.9031496062992126,0.0622047244094488,0.0165354330708661,0.0102362204724409,0.0047244094488188,0.0007874015748031,0.0015748031496062,0.0007874015748031,0.0,0.0030097817885554,0.0,0.0,0.0158013543899162,0.0413844995926376,0.0097817908128052,0.045146726828332,0.1286681714607462,0.0496613995111652,0.0752445447138867,0.0361173814626656,0.19262603446755,0.0782543265024421,0.1813393527604669,0.1429646349563847,/Users/ithikash/Downloads/Crowd-Analysis-main/fusion/alpha_fused_fast/alpha_windows.csv,alpha_fused_fast,,,2,1,2,1,-4.0,0.017891870000000032,0.41003597723529417,0.0030986906982968243,0.010047491925233909,0.055871331024899024
96.0,127.0,,,67,0.62600744,3.586416797865728,0.0,8.875245623519385,0.6722627166772422,573.8065795898438,4.169211192680544,0.6809276974860929,0.6725077469057917,1.0,0.0,0.0,0.0,0.0,-0.0,1.0,1.0,0.0,0.903103709311128,0.0643451930355791,0.0174110522331567,0.0068130204390613,0.0030280090840272,0.0022710068130204,0.0015140045420136,0.0015140045420136,0.0,0.0,0.0,0.0,0.0064841498512362,0.0410662823911626,0.0151296829862178,0.0309798270670174,0.1095100863764336,0.064841498512362,0.090057636822725,0.028818443783272,0.1974063399154133,0.0914985590118886,0.165706051753814,0.158501440807996,/Users/ithikash/Downloads/Crowd-Analysis-main/fusion/alpha_fused_fast/alpha_windows.csv,alpha_fused_fast,,,2,1,2,1,8.0,0.01357286999999996,0.29000821152535483,0.0036085502487004373,0.004798222532975682,0.05352860812443463
112.0,143.0,,,67,0.56890607,3.609029984496224,0.0,8.45819787194492,0.6909921309479565,582.694091796875,4.126936953159001,0.6792554311320267,0.6745320521736622,1.0,0.0,0.0,0.0,0.0,-0.0,1.0,1.0,0.0,0.8817813765182186,0.0809716599190283,0.0210526315789473,0.0080971659919028,0.0032388663967611,0.0016194331983805,0.0016194331983805,0.0016194331983805,0.0,0.0,0.0,0.0,0.026881720409461,0.053763440818922,0.0161290322456766,0.0099846390092283,0.0821812595374951,0.0668202764463745,0.0883256527739434,0.0391705068823575,0.2035330259573479,0.1182795698016285,0.1666666665386584,0.1282642088108569,/Users/ithikash/Downloads/Crowd-Analysis-main/fusion/alpha_fused_fast/alpha_windows.csv,alpha_fused_fast,,,2,1,2,1,0.0,-0.05710136999999993,0.022613186630496163,0.002024305267870452,-0.0016722663540662541,0.05386611836761352
128.0,159.0,,,59,0.4464811,3.5553151892937427,0.0,7.414713585006729,0.6948271027206269,561.8609619140625,3.9512293751008825,0.6722557656608537,0.6738491662198196,1.0,0.0,0.0,0.0,0.0,-0.0,1.0,1.0,0.0,0.8869918699186992,0.0902439024390243,0.0138211382113821,0.0065040650406504,0.0016260162601626,0.0,0.0,0.0008130081300813,0.0,0.0,0.0,0.0,0.0713731574310526,0.0589604343995652,0.0100853374630835,0.0031031807578718,0.0969743986834954,0.0643910007258409,0.0589604343995652,0.0263770364419107,0.2218774241878375,0.1086113265255148,0.1877424358512471,0.0915438323572196,/Users/ithikash/Downloads/Crowd-Analysis-main/fusion/alpha_fused_fast/alpha_windows.csv,alpha_fused_fast,,,2,1,2,1,-8.0,-0.12242497000000002,-0.05371479520248146,-0.0006828859538425824,-0.006999665471173033,0.060259578458206176
144.0,175.0,,,60,0.4338776,3.4787382198874517,0.0,6.983937121873318,0.6607168654870371,560.9403076171875,3.8355159755282,0.6676036420249433,0.6719755089613567,1.0,0.0,0.0,0.0,0.0,-0.0,1.0,1.0,0.0,0.8936731107205624,0.0852372583479789,0.0166959578207381,0.0026362038664323,0.0008787346221441,0.0,0.0,0.0008787346221441,0.0,0.0,0.0,0.0,0.0843071785606784,0.0258764607463468,0.0308848079875752,0.0166944908040947,0.1368948245935769,0.0709515859174026,0.0383973288494179,0.0100166944824568,0.232053422176917,0.0843071785606784,0.1794657761440185,0.0901502503421116,/Users/ithikash/Downloads/Crowd-Analysis-main/fusion/alpha_fused_fast/alpha_windows.csv,alpha_fused_fast,,,2,1,2,1,1.0,-0.012603500000000045,-0.076576969406291,-0.0018736572584628908,-0.004652123635910388,0.057978969365141374
160.0,191.0,,,58,0.51195824,3.4978290102431884,0.0,7.698648745984523,0.5988330001988803,617.8135375976562,3.913228716114282,0.6707316655706508,0.6716023559441449,1.0,0.0,0.0,0.0,0.0,-0.0,1.0,1.0,0.0,0.8204393505253104,0.1165234001910219,0.0401146131805157,0.0124164278892072,0.0038204393505253,0.0019102196752626,0.0019102196752626,0.0028653295128939,0.0117647058717061,0.0135746606211994,0.0,0.0,0.0606334841080239,0.0,0.0371040723646117,0.0253393664929055,0.1384615383362339,0.0814479637271964,0.0597285067332773,0.0190045248696791,0.1864253391978051,0.0796380089777031,0.15022624420794,0.1366515835867406,/Users/ithikash/Downloads/Crowd-Analysis-main/fusion/alpha_fused_fast/alpha_windows.csv,alpha_fused_fast,,,2,1,2,1,-2.0,0.07808064000000003,0.019090790355736686,-0.000373153017211858,0.0031280235457075145,0.060307395688548156
176.0,207.0,,,61,0.6627043,3.1348721162949755,0.0,8.06191909892897,0.5513437031610784,574.5291137695312,3.7940429332539822,0.6659282157679162,0.6699001138912762,1.0,0.0,0.0,0.0,0.0,-0.0,1.0,1.0,0.0,0.8493031358885017,0.0862369337979094,0.0374564459930313,0.0130662020905923,0.0060975609756097,0.0017421602787456,0.0008710801393728,0.0052264808362369,0.0281224151959285,0.0256410256198171,0.0,0.0,0.0471464019461154,0.0248138957611134,0.0256410256198171,0.0099255583044453,0.1273779982403821,0.0777502067181553,0.0645161289788948,0.0215053763262982,0.1455748551318652,0.0909842844574158,0.1497105044253842,0.1612903224472371,/Users/ithikash/Downloads/Crowd-Analysis-main/fusion/alpha_fused_fast/alpha_windows.csv,alpha_fused_fast,,,2,1,2,1,3.0,0.15074606000000002,-0.36295689394821284,-0.0017022420528686188,-0.004803449802734616,0.05139134532628902
192.0,223.0,,,64,0.5740442,2.628740707546668,0.0,7.592561940568849,0.5693273145661288,571.906005859375,3.531976962843672,0.655245550728049,0.665503744942308,1.0,0.0,0.0,0.0,0.0,-0.0,1.0,1.0,0.0,0.904503105590062,0.0582298136645962,0.0217391304347826,0.0085403726708074,0.0015527950310559,0.0015527950310559,0.0015527950310559,0.0023291925465838,0.0170118343069439,0.0162721893370767,0.0,0.0,0.0695266271675098,0.082100591655251,0.0221893490960137,0.0081360946685383,0.12869822475688,0.0658284023181742,0.0510355029208317,0.0162721893370767,0.1553254436720965,0.1153846152992717,0.140532544274754,0.1116863904499361,/Users/ithikash/Downloads/Crowd-Analysis-main/fusion/alpha_fused_fast/alpha_windows.csv,alpha_fused_fast,,,2,1,2,1,3.0,-0.08866010000000002,-0.5061314087483075,-0.004396368948968221,-0.010682665039867145,0.041074072913634296
208.0,239.0,,,66,0.53342474,3.0455260951125736,0.0,7.563926664201699,0.6481721280430561,473.7810668945313,3.741702714501118,0.6638077899441208,0.6649949584428518,1.0,0.0,0.0,0.0,0.0,-0.0,1.0,1.0,0.0,0.8874700718276137,0.0806065442936951,0.0175578611332801,0.00877893056664,0.0007980845969672,0.0,0.0015961691939345,0.0031923383878691,0.0015163002262954,0.0045489006788863,0.0,0.0,0.1000758149354997,0.1182714176510451,0.0227445033944317,0.0272934040733181,0.0955269142566134,0.0667172099569998,0.0470053070151589,0.0212282031681363,0.2001516298709995,0.129643669348261,0.1046247156143861,0.060652009051818,/Users/ithikash/Downloads/Crowd-Analysis-main/fusion/alpha_fused_fast/alpha_windows.csv,alpha_fused_fast,,,2,1,2,1,2.0,-0.04061946000000005,0.41678538756590555,-0.0005087864994561819,0.008562239216071799,0.04614433407527636
224.0,255.0,,,58,0.4988582,3.605920368704623,0.0,7.062690144710443,0.6580442361738666,590.307861328125,3.896598210892736,0.6700635286670676,0.6665155295101165,1.0,0.0,0.0,0.0,0.0,-0.0,1.0,1.0,0.0,0.8573943661971831,0.1056338028169014,0.0246478873239436,0.0088028169014084,0.0008802816901408,0.0008802816901408,0.0008802816901408,0.0008802816901408,0.0,0.0,0.0,0.0,0.1122278056011492,0.0837520937322009,0.0376884421794904,0.0242881071823382,0.0569514237378966,0.094639865917387,0.0276381909316263,0.0326633165555583,0.2546063649458908,0.1273031824729454,0.093802344980065,0.0544388609259305,/Users/ithikash/Downloads/Crowd-Analysis-main/fusion/alpha_fused_fast/alpha_windows.csv,alpha_fused_fast,,,2,1,2,1,-8.0,-0.03456653999999998,0.5603942735920495,0.0015205710672646644,0.006255738722946824,0.0621710397678204
240.0,271.0,,,60,0.43823856,3.617800551920359,0.0,6.80612844108028,0.6224896812369876,569.4521484375,3.8415332956723782,0.6678463788743966,0.6669147843194005,1.0,0.0,0.0,0.0,0.0,-0.0,1.0,1.0,0.0,0.7900797165633304,0.149689991142604,0.0354295837023915,0.0159433126660761,0.0017714791851195,0.0044286979627989,0.0017714791851195,0.0008857395925597,0.0,0.0,0.0,0.0,0.1320437341193913,0.0639192598284951,0.0664423885059357,0.0033641715699207,0.0714886458608169,0.0941968039577823,0.0185029436345643,0.0428931875164901,0.1951219510554062,0.1261564338720299,0.0992430613126635,0.0866274179254605,/Users/ithikash/Downloads/Crowd-Analysis-main/fusion/alpha_fused_fast/alpha_windows.csv,alpha_fused_fast,,,2,1,2,1,2.0,-0.060619639999999975,0.011880183215736029,0.0003992548092840442,-0.0022171497926710693,0.06029667486039474
256.0,287.0,,,54,0.41823703,3.279941394713612,0.0,6.875163602759197,0.6008032629152139,623.9088745117188,3.7037330560484527,0.6622654018333215,0.6655199695735767,1.0,0.0,0.0,0.0,0.0,-0.0,1.0,1.0,0.0,0.8787610619469026,0.0991150442477876,0.0150442477876106,0.0008849557522123,0.0035398230088495,0.0017699115044247,0.0,0.0008849557522123,0.0,0.0,0.0,0.0,0.1326013512393569,0.0760135134493129,0.0836148647942442,0.0,0.096283783702463,0.0785472972309566,0.0439189188818252,0.0456081080695877,0.0971283782963442,0.139358107990407,0.0945945945147005,0.1123310809862068,/Users/ithikash/Downloads/Crowd-Analysis-main/fusion/alpha_fused_fast/alpha_windows.csv,alpha_fused_fast,,,2,1,2,1,-6.0,-0.02000152999999999,-0.3378591572067471,-0.0013948147458238136,-0.005580977041075075,0.06073965433285107
272.0,303.0,,,52,0.40036333,3.5006123798338993,0.0,7.91025706415731,0.6035792086675036,578.993408203125,3.948931036757658,0.6721636884563988,0.6675130852384233,1.0,0.0,0.0,0.0,0.0,-0.0,1.0,1.0,0.0,0.9475190839694656,0.0381679389312977,0.0076335877862595,0.0038167938931297,0.0009541984732824,0.0009541984732824,0.0,0.0009541984732824,0.0,0.0,0.0,0.0,0.096363636276033,0.0527272726793388,0.0836363635603305,0.0072727272661157,0.0827272726520661,0.0890909090099173,0.0972727271842975,0.0545454544958677,0.0945454544595041,0.1281818180652892,0.0809090908355371,0.1327272726066115,/Users/ithikash/Downloads/Crowd-Analysis-main/fusion/alpha_fused_fast/alpha_windows.csv,alpha_fused_fast,,,2,1,2,1,-2.0,-0.017873699999999992,0.22067098512028727,0.001993115664846612,0.009898286623077346,0.06731946754835445
288.0,319.0,,,49,0.3927804,3.921495289380589,0.0,8.167088647194891,0.6174765330001877,576.98779296875,4.146098247183302,0.6800139790207165,0.6712633533731113,1.0,0.0,0.0,0.0,0.0,-0.0,1.0,1.0,0.0,0.9277364505844846,0.055260361317747,0.0095642933049946,0.0063761955366631,0.0,0.0,0.0,0.0010626992561105,0.0,0.0,0.0,0.0,0.0525252524721967,0.0191919191725334,0.044444444399551,0.0242424242179369,0.068686868617488,0.0757575756810529,0.1222222220987654,0.0808080807264564,0.1515151513621059,0.0919191918263442,0.0727272726538108,0.1959595957616569,/Users/ithikash/Downloads/Crowd-Analysis-main/fusion/alpha_fused_fast/alpha_windows.csv,alpha_fused_fast,,,2,1,2,1,-3.0,-0.007582930000000043,0.4208829095466897,0.0037502681346879285,0.00785029056431763,0.08003051447653214
304.0,335.0,,,45,0.39872885,3.2187001289300157,0.0,7.227624228090712,0.6029631937631622,577.3475952148438,3.7302237851211624,0.6633418638545585,0.6688869065175453,1.0,0.0,0.0,0.0,0.0,-0.0,1.0,1.0,0.0,0.8692307692307693,0.0945054945054945,0.023076923076923,0.0054945054945054,0.0021978021978021,0.001098901098901,0.0021978021978021,0.0021978021978021,0.010471204177517,0.0,0.0,0.0,0.0293193716970477,0.017801047101779,0.0136125654307721,0.046073298381075,0.0659685863183575,0.0513089004698336,0.0764397904958745,0.0900523559266467,0.1717277485112798,0.1078534030284257,0.1036649213574189,0.2157068060568515,/Users/ithikash/Downloads/Crowd-Analysis-main/fusion/alpha_fused_fast/alpha_windows.csv,alpha_fused_fast,,,2,1,2,1,-4.0,0.0059484500000000495,-0.7027951604505733,-0.002376446855565928,-0.016672115166157964,0.07152666794229662
,,,,0,0.0,0.0,0.0,0.0,0.0,0.0,0.0,0.5,0.5,1.0,0.0,0.0,0.0,0.0,-0.0,1.0,1.0,0.0,0.0,0.0,0.0,0.0,0.0,0.0,0.0,0.0,0.0,0.0,0.0,0.0,0.0,0.0,0.0,0.0,0.0,0.0,0.0,0.0,0.0,0.0,0.0,0.0,/Users/ithikash/Downloads/Crowd-Analysis-main/fusion/alpha_fused/alpha_windows.csv,alpha_fused,0.0,31.0,0,0,0,0,-45.0,-0.39872885,-3.2187001289300157,-0.16888690651754534,-0.1633418638545585,0.0
,,,,0,0.0,0.0,0.0,0.0,0.0,0.0,0.0,0.5,0.5,1.0,0.0,0.0,0.0,0.0,-0.0,1.0,1.0,0.0,0.0,0.0,0.0,0.0,0.0,0.0,0.0,0.0,0.0,0.0,0.0,0.0,0.0,0.0,0.0,0.0,0.0,0.0,0.0,0.0,0.0,0.0,0.0,0.0,/Users/ithikash/Downloads/Crowd-Analysis-main/fusion/alpha_fused/alpha_windows.csv,alpha_fused,16.0,47.0,0,0,0,0,0.0,0.0,0.0,0.0,0.0,0.0
,,,,0,0.0,0.0,0.0,0.0,0.0,0.0,0.0,0.5,0.5,1.0,0.0,0.0,0.0,0.0,-0.0,1.0,1.0,0.0,0.0,0.0,0.0,0.0,0.0,0.0,0.0,0.0,0.0,0.0,0.0,0.0,0.0,0.0,0.0,0.0,0.0,0.0,0.0,0.0,0.0,0.0,0.0,0.0,/Users/ithikash/Downloads/Crowd-Analysis-main/fusion/alpha_fused/alpha_windows.csv,alpha_fused,32.0,63.0,0,0,0,0,0.0,0.0,0.0,0.0,0.0,0.0
,,,,0,0.0,0.0,0.0,0.0,0.0,0.0,0.0,0.5,0.5,1.0,0.0,0.0,0.0,0.0,-0.0,1.0,1.0,0.0,0.0,0.0,0.0,0.0,0.0,0.0,0.0,0.0,0.0,0.0,0.0,0.0,0.0,0.0,0.0,0.0,0.0,0.0,0.0,0.0,0.0,0.0,0.0,0.0,/Users/ithikash/Downloads/Crowd-Analysis-main/fusion/alpha_fused/alpha_windows.csv,alpha_fused,48.0,79.0,0,0,0,0,0.0,0.0,0.0,0.0,0.0,0.0
,,,,9,0.7526178359985352,4.184159543419262,1.7474169384764355,6.135038527966404,0.680270412845648,308.1869201660156,4.002081844270053,0.6742896428683789,0.5522868928605136,1.0,0.0,0.0,0.0,0.0,-0.0,1.0,1.0,0.0,0.7222222222222222,0.0555555555555555,0.0555555555555555,0.0,0.0,0.0555555555555555,0.0555555555555555,0.0555555555555555,0.0,0.0,0.0,0.0,0.0,0.0,0.0,0.0,0.0,0.3333333209876548,0.2222222139917698,0.2222222139917698,0.2222222139917698,0.0,0.0,0.0,/Users/ithikash/Downloads/Crowd-Analysis-main/fusion/alpha_fused/alpha_windows.csv,alpha_fused,64.0,95.0,1,0,1,0,9.0,0.7526178359985352,4.184159543419262,0.05228689286051358,0.1742896428683789,0.46490656427918864
,,,,11,0.776386022567749,3.828617469438035,1.058876332902772,7.995384716213913,0.9372764977296476,291.708251953125,4.2931205938450905,0.6858023845846027,0.5923415403777403,1.0,0.0,0.0,0.0,0.0,-0.0,1.0,1.0,0.0,0.8685714285714285,0.0228571428571428,0.0342857142857142,0.0171428571428571,0.0285714285714285,0.0057142857142857,0.0,0.0228571428571428,0.0,0.0,0.0,0.0,0.0,0.0,0.0,0.0,0.1290322573707943,0.2204301063417736,0.2043010741704243,0.2849462350271707,0.1612903217134929,0.0,0.0,0.0,/Users/ithikash/Downloads/Crowd-Analysis-main/fusion/alpha_fused/alpha_windows.csv,alpha_fused,80.0,111.0,1,0,1,0,2.0,0.023768186569213867,-0.3555420739812267,0.04005464751722676,0.011512741716223851,0.34805610194381215
,,,,13,0.8649192452430725,3.174895818862502,0.814500575204231,7.9969502983139265,0.9601700642231168,316.1130676269531,4.045602910825959,0.6760251008167485,0.6174466085094428,1.0,0.0,0.0,0.0,0.0,-0.0,1.0,1.0,0.0,0.9080118694362018,0.0445103857566765,0.0,0.0237388724035608,0.0029673590504451,0.0118694362017804,0.0029673590504451,0.0059347181008902,0.0,0.0,0.0,0.0,0.0,0.0,0.0,0.0,0.202857142277551,0.1828571423346938,0.1914285708816326,0.3171428562367347,0.1057142854122449,0.0,0.0,0.0,/Users/ithikash/Downloads/Crowd-Analysis-main/fusion/alpha_fused/alpha_windows.csv,alpha_fused,96.0,127.0,1,0,1,0,2.0,0.08853322267532349,-0.653721650575533,0.025105068131702435,-0.00977728376785425,0.24422273651075121
,,,,15,0.8590673804283142,1.8311748786377091,0.3287658530931988,5.71404632113837,0.970704254088094,313.5169372558594,3.171999452078696,0.6403139817338165,0.6243068204767549,1.0,0.0,0.0,0.0,0.0,-0.0,1.0,1.0,0.0,0.9477611940298508,0.0298507462686567,0.0049751243781094,0.0074626865671641,0.0024875621890547,0.0024875621890547,0.0,0.0049751243781094,0.0,0.0,0.0,0.0,0.0,0.0,0.0,0.0,0.1942446038507323,0.1870503592636682,0.1990407669087751,0.3165467618308231,0.1031175057479196,0.0,0.0,0.0,/Users/ithikash/Downloads/Crowd-Analysis-main/fusion/alpha_fused/alpha_windows.csv,alpha_fused,112.0,143.0,1,0,1,0,2.0,-0.005851864814758301,-1.343720940224793,0.006860211967312124,-0.03571111908293201,0.12207831710395947
,,,,16,0.8020254969596863,1.266034026534249,0.4113530319005339,3.639642089645901,0.9644581516935108,339.5610046386719,2.631034815076691,0.6173628922602807,0.6222236420118127,1.0,0.0,0.0,0.0,0.0,-0.0,1.0,1.0,0.0,0.9705215419501134,0.0158730158730158,0.0090702947845804,0.0,0.0022675736961451,0.0,0.0,0.0022675736961451,0.0,0.0,0.0,0.0,0.0,0.0,0.0,0.0,0.1466083147776623,0.229759299278426,0.2013129098439542,0.2888402619500213,0.1334792119617522,0.0,0.0,0.0,/Users/ithikash/Downloads/Crowd-Analysis-main/fusion/alpha_fused/alpha_windows.csv,alpha_fused,128.0,159.0,1,0,1,0,1.0,-0.05704188346862793,-0.5651408521034602,-0.0020831784649422147,-0.022951089473535746,0.07912712171294545
,,,,15,0.8473371863365173,1.6029429253475111,0.4693241975940039,4.379427654656292,0.9647491896645716,297.5440979003906,2.8769408321361913,0.6278677261735899,0.6239168672603459,1.0,0.0,0.0,0.0,0.0,-0.0,1.0,1.0,0.0,0.9568181818181818,0.0204545454545454,0.0113636363636363,0.0045454545454545,0.0045454545454545,0.0,0.0,0.0022727272727272,0.0,0.0,0.0,0.0,0.0,0.0,0.0,0.0,0.1450549447361429,0.2703296697355392,0.1670329666658616,0.2813186807003985,0.1362637359642555,0.0,0.0,0.0,/Users/ithikash/Downloads/Crowd-Analysis-main/fusion/alpha_fused/alpha_windows.csv,alpha_fused,144.0,175.0,1,0,1,0,-1.0,0.045311689376831055,0.33690889881326225,0.0016932252485332144,0.010504833913309142,0.10686285456564378
,,,,14,0.8568111658096313,1.406914814000826,0.407031464210571,3.5403823887247583,0.974445007775356,302.66778564453125,2.678490288574258,0.6193990385448335,0.6225615186456921,1.0,0.0,0.0,0.0,0.0,-0.0,1.0,1.0,0.0,0.927360774818402,0.0290556900726392,0.0121065375302663,0.009685230024213,0.0072639225181598,0.0072639225181598,0.0,0.0072639225181598,0.0,0.0,0.0,0.0,0.0,0.0,0.0,0.0,0.1358313814149148,0.2997658072605016,0.1498829036302508,0.2997658072605016,0.1147540980919107,0.0,0.0,0.0,/Users/ithikash/Downloads/Crowd-Analysis-main/fusion/alpha_fused/alpha_windows.csv,alpha_fused,160.0,191.0,1,0,1,0,-1.0,0.009473979473114014,-0.19602811134668507,-0.0013553486146538063,-0.00846868762875641,0.100493908107637
,,,,15,0.8321086764335632,1.0270762029133016,0.4220074924619826,2.2363692147593865,0.9770582022511876,276.1578369140625,2.3325207847299416,0.6044626563972653,0.617131859971164,1.0,0.0,0.0,0.0,0.0,-0.0,1.0,1.0,0.0,0.9367088607594936,0.030379746835443,0.0126582278481012,0.0075949367088607,0.0,0.0050632911392405,0.0025316455696202,0.0050632911392405,0.0,0.0,0.0,0.0,0.0,0.0,0.0,0.0,0.1414634142891136,0.312195121189768,0.156097560594884,0.312195121189768,0.078048780297442,0.0,0.0,0.0,/Users/ithikash/Downloads/Crowd-Analysis-main/fusion/alpha_fused/alpha_windows.csv,alpha_fused,176.0,207.0,1,0,1,0,1.0,-0.024702489376068115,-0.3798386110875245,-0.005429658674528048,-0.014936382147568206,0.06847174229610396
,,,,14,0.8385250568389893,0.6727466399207457,0.3689327613468734,1.1746051076189583,0.9724653450552584,283.8794860839844,2.0287686291442975,0.5911851830207181,0.6093478568860302,1.0,0.0,0.0,0.0,0.0,-0.0,1.0,1.0,0.0,0.946987951807229,0.0409638554216867,0.0072289156626506,0.0024096385542168,0.0,0.0,0.0,0.0024096385542168,0.0,0.0,0.0,0.0,0.0,0.0,0.0,0.0,0.1888111883710695,0.2983682976728011,0.1818181813943632,0.2983682976728011,0.0326340325579626,0.0,0.0,0.0,/Users/ithikash/Downloads/Crowd-Analysis-main/fusion/alpha_fused/alpha_windows.csv,alpha_fused,192.0,223.0,1,0,1,0,-1.0,0.006416380405426025,-0.3543295629925559,-0.007784003085133828,-0.013277473376547166,0.04805332799052984
,,,,14,0.7458610534667969,0.84055747608232,0.3247672806679939,1.6876108492891788,0.9591140258977242,318.2069091796875,2.164833033364939,0.5971504696188235,0.6056886407058681,1.0,0.0,0.0,0.0,0.0,-0.0,1.0,1.0,0.0,0.8963855421686747,0.053012048192771,0.016867469879518,0.0072289156626506,0.0120481927710843,0.0072289156626506,0.0,0.0072289156626506,0.0,0.0,0.0,0.0,0.0,0.0,0.0,0.0,0.2097902093011883,0.2983682976728011,0.2191142186034633,0.2727272720915448,0.0,0.0,0.0,0.0,/Users/ithikash/Downloads/Crowd-Analysis-main/fusion/alpha_fused/alpha_windows.csv,alpha_fused,208.0,239.0,1,0,1,0,0.0,-0.09266400337219238,0.16781083616157433,-0.0036592161801620726,0.005965286598105357,0.060039815431607475
,,,,14,0.7108907103538513,1.042090882945842,0.3171453967126602,2.0313565964387776,0.9675007860506618,305.48419189453125,2.3020403142745507,0.6031368920748066,0.6049231161165497,1.0,0.0,0.0,0.0,0.0,-0.0,1.0,1.0,0.0,0.8632707774798928,0.0616621983914209,0.0294906166219839,0.0134048257372654,0.0214477211796246,0.0,0.0,0.0107238605898123,0.0,0.0,0.0,0.0,0.0,0.0,0.0,0.0,0.1912144697901434,0.3307493531505184,0.2170542630050277,0.260981911470331,0.0,0.0,0.0,0.0,/Users/ithikash/Downloads/Crowd-Analysis-main/fusion/alpha_fused/alpha_windows.csv,alpha_fused,224.0,255.0,1,0,1,0,0.0,-0.03497034311294556,0.20153340686352195,-0.0007655245893184448,0.005986422455983131,0.0744350577507703
,,,,13,0.7410106658935547,1.4807461372405384,0.6706114657816419,2.921814400979734,0.968504327119508,272.2024841308594,2.6116732113148804,0.6165309651762083,0.6084054708344473,1.0,0.0,0.0,0.0,0.0,-0.0,1.0,1.0,0.0,0.9022988505747126,0.0517241379310344,0.014367816091954,0.0057471264367816,0.0114942528735632,0.0086206896551724,0.0,0.0057471264367816,0.0,0.0,0.0,0.0,0.0,0.0,0.0,0.0,0.1495844871202646,0.3545706361369234,0.2299168968700363,0.2659279771026925,0.0,0.0,0.0,0.0,/Users/ithikash/Downloads/Crowd-Analysis-main/fusion/alpha_fused/alpha_windows.csv,alpha_fused,240.0,271.0,1,0,1,0,-1.0,0.03011995553970337,0.43865525429469643,0.0034823547178975955,0.013394073101401727,0.11390354025669217
,,,,16,0.8383097648620605,1.9507215707753796,0.858345890380609,4.756508644745804,0.9695210343485218,250.98011779785156,3.0754775456311356,0.6362622628200864,0.616762508430139,1.0,0.0,0.0,0.0,0.0,-0.0,1.0,1.0,0.0,0.9502762430939228,0.0276243093922651,0.011049723756906,0.005524861878453,0.0,0.0,0.0,0.005524861878453,0.0,0.0,0.0,0.0,0.0,0.0,0.0,0.0,0.134920634563702,0.338624337728507,0.2513227506578763,0.2539682532963803,0.0,0.0,0.0185185184695277,0.0026455026385039,/Users/ithikash/Downloads/Crowd-Analysis-main/fusion/alpha_fused/alpha_windows.csv,alpha_fused,256.0,287.0,1,0,1,0,3.0,0.09729909896850586,0.46997543353484117,0.00835703759569173,0.019731297643878043,0.12192009055345555
,,,,16,0.8530145883560181,1.6536249147645692,0.4604317096828875,5.314822958162511,0.977801120898806,253.53619384765625,3.045354082169488,0.6349937645119152,0.6222318852546719,1.0,0.0,0.0,0.0,0.0,-0.0,1.0,1.0,0.0,0.9632352941176472,0.0196078431372549,0.0024509803921568,0.0024509803921568,0.0,0.0024509803921568,0.0049019607843137,0.0049019607843137,0.0,0.0,0.0,0.0,0.0,0.0,0.0,0.0,0.1933962259589711,0.2877358483779815,0.2146226410032485,0.2264150938056247,0.0,0.0,0.0377358489676041,0.0400943395280793,/Users/ithikash/Downloads/Crowd-Analysis-main/fusion/alpha_fused/alpha_windows.csv,alpha_fused,272.0,303.0,1,0,1,0,0.0,0.01470482349395752,-0.29709665601081037,0.005469376824532857,-0.0012684983081711065,0.10335155071331364
,,,,17,0.7447750568389893,1.4841837751434095,0.2316440602123418,5.720897390946246,0.9621486554833903,315.3466796875,3.029097311989335,0.634308411496783,0.6258548431273052,1.0,0.0,0.0,0.0,0.0,-0.0,1.0,1.0,0.0,0.965034965034965,0.0139860139860139,0.0023310023310023,0.0,0.0023310023310023,0.0023310023310023,0.0046620046620046,0.0093240093240093,0.0,0.0,0.0,0.0,0.0,0.0,0.0,0.0,0.2533632281314726,0.2040358739819823,0.2399103133634298,0.2152466362886846,0.0,0.0,0.0201793721520641,0.0672645738402139,/Users/ithikash/Downloads/Crowd-Analysis-main/fusion/alpha_fused/alpha_windows.csv,alpha_fused,288.0,319.0,1,0,1,0,1.0,-0.10823953151702881,-0.1694411396211597,0.0036229578726333367,-0.000685353015132284,0.08730492281402863
,,,,16,0.674501359462738,2.1030233327481747,0.2489926969525897,7.023870683769521,0.9664934288729188,312.77740478515625,3.4746859929884493,0.6528886766092489,0.6339649931718883,1.0,0.0,0.0,0.0,0.0,-0.0,1.0,1.0,0.0,0.9439024390243902,0.0219512195121951,0.0024390243902439,0.0024390243902439,0.0,0.0097560975609756,0.0073170731707317,0.0121951219512195,0.0,0.0,0.0,0.0,0.0,0.0,0.0,0.0,0.2676056331746346,0.1760563376148912,0.2981220650278824,0.2253521121470607,0.0,0.0,0.0,0.032863849688113,/Users/ithikash/Downloads/Crowd-Analysis-main/fusion/alpha_fused/alpha_windows.csv,alpha_fused,304.0,335.0,1,0,1,0,-1.0,-0.07027369737625122,0.6188395576047652,0.008110150044583042,0.01858026511246591,0.13143895008182652
,,,,17,0.7358522415161133,3.027635336721368,0.5416679658362202,7.6150389555614195,0.9706322019222604,319.9269714355469,3.9356892991761168,0.6716329332879725,0.6452653752067135,1.0,0.0,0.0,0.0,0.0,-0.0,1.0,1.0,0.0,0.9002493765586035,0.0498753117206982,0.0049875311720698,0.0124688279301745,0.0074812967581047,0.0124688279301745,0.0074812967581047,0.0049875311720698,0.0,0.0,0.0,0.0,0.0,0.0,0.0,0.0,0.2488038271559717,0.2105263152858222,0.3038277504693116,0.2368421046965499,0.0,0.0,0.0,0.0,/Users/ithikash/Downloads/Crowd-Analysis-main/fusion/alpha_fused/alpha_windows.csv,alpha_fused,320.0,351.0,1,0,1,0,1.0,0.061350882053375244,0.9246120039731935,0.011300382034825196,0.018744256678723592,0.17809618580148132
,,,,19,0.9052718877792358,2.915220339535165,0.0,7.567798441920674,0.9742873026729444,280.00927734375,3.8858302837059338,0.6696305562697626,0.6525749295256282,1.0,0.0,0.0,0.0,0.0,-0.0,1.0,1.0,0.0,0.8977777777777778,0.0511111111111111,0.0111111111111111,0.0111111111111111,0.0,0.0111111111111111,0.0155555555555555,0.0022222222222222,0.0,0.0,0.0,0.0,0.0,0.0,0.0,0.0,0.2388059696400725,0.1705756926000518,0.2366737734825719,0.3006396582075913,0.0,0.0191897654175058,0.0213219615750064,0.0127931769450038,/Users/ithikash/Downloads/Crowd-Analysis-main/fusion/alpha_fused/alpha_windows.csv,alpha_fused,336.0,367.0,1,0,1,0,2.0,0.16941964626312256,-0.11241499718620318,0.007309554318914779,-0.002002377018209822,0.153432641373817
,,,,25,0.9532569646835328,2.970808820205723,0.0,7.900539810677532,0.9248850312338728,295.7328186035156,3.928335518424243,0.6713379895537731,0.6582038475340717,1.0,0.0,0.0,0.0,0.0,-0.0,1.0,1.0,0.0,0.9094412331406552,0.0500963391136801,0.0173410404624277,0.0077071290944123,0.0134874759152215,0.0,0.0,0.001926782273603,0.0,0.0,0.0,0.0,0.0,0.0,0.0,0.0,0.2408088230867484,0.1341911762239132,0.1213235291887435,0.3455882346588451,0.0073529411629541,0.0459558822684634,0.0496323528499405,0.0551470587221561,/Users/ithikash/Downloads/Crowd-Analysis-main/fusion/alpha_fused/alpha_windows.csv,alpha_fused,352.0,383.0,1,0,1,0,6.0,0.047985076904296986,0.05558848067055777,0.005628918008443451,0.0017074332840104622,0.11883234805493498
,,,,35,1.1645883321762085,4.156127482095608,0.0,9.47273873597723,0.8700098707331478,346.70989990234375,4.605367725674717,0.6979046064964921,0.6701140752227978,1.0,0.0,0.0,0.0,0.0,-0.0,1.0,1.0,0.0,0.8497409326424871,0.0898100172711571,0.0328151986183074,0.0172711571675302,0.005181347150259,0.001727115716753,0.0,0.003454231433506,0.0,0.0,0.0,0.0,0.0,0.0,0.0,0.0,0.195439739095375,0.0944625405627646,0.0504885992663052,0.2996742666129083,0.0863192181004573,0.0863192181004573,0.0618892507135354,0.1254071659195323,/Users/ithikash/Downloads/Crowd-Analysis-main/fusion/alpha_fused/alpha_windows.csv,alpha_fused,368.0,399.0,2,1,2,1,10.0,0.21133136749267567,1.1853186618898848,0.011910227688726072,0.026566616942719,0.11874649609568891
,,,,38,1.119283676147461,3.6873768146799337,0.0,8.330760266523274,0.9238628060976756,349.33056640625,4.27888244950907,0.6852442983906737,0.6746531421731605,1.0,0.0,0.0,0.0,0.0,-0.0,1.0,1.0,0.0,0.8633193863319386,0.0878661087866108,0.0306834030683403,0.00976290097629,0.00557880055788,0.00139470013947,0.0,0.00139470013947,0.0,0.0,0.0,0.0,0.0,0.0,0.0,0.0,0.1072847680698215,0.0543046356896627,0.0622516555466865,0.2688741718293057,0.1483443706644445,0.124503311093373,0.0556291389991667,0.1788079467830358,/Users/ithikash/Downloads/Crowd-Analysis-main/fusion/alpha_fused/alpha_windows.csv,alpha_fused,384.0,415.0,2,1,2,1,3.0,-0.04530465602874756,-0.46875066741567384,0.004539066950362769,-0.012660308105818419,0.09703622941167643
,,,,37,1.157418131828308,2.7087150654743,0.0,6.759090370646826,0.9150847637641996,289.0295104980469,3.646400440045264,0.6599299120651838,0.6702361731407674,1.0,0.0,0.0,0.0,0.0,-0.0,1.0,1.0,0.0,0.8484472049689441,0.062111801242236,0.0372670807453416,0.0248447204968944,0.0149068322981366,0.0099378881987577,0.0,0.0024844720496894,0.0,0.0,0.0,0.0,0.0,0.0,0.0,0.0,0.0831353918252548,0.0522565320044459,0.0985748217356593,0.2660332538408156,0.1211401423739428,0.1175771970100033,0.0498812350951529,0.2114014249270767,/Users/ithikash/Downloads/Crowd-Analysis-main/fusion/alpha_fused/alpha_windows.csv,alpha_fused,400.0,431.0,2,1,2,1,-1.0,0.03813445568084717,-0.9786617492056338,-0.004416969032393081,-0.02531438632548988,0.07320851330448072
,,,,42,1.6007919311523438,2.884609042688027,0.0,7.699769224014462,0.8068820102426819,287.09063720703125,3.7929382068229898,0.665883529535341,0.6689303800591395,1.0,0.0,0.0,0.0,0.0,-0.0,1.0,1.0,0.0,0.8724226804123711,0.0489690721649484,0.0347938144329896,0.0244845360824742,0.0154639175257731,0.0012886597938144,0.0,0.0025773195876288,0.0,0.0,0.0,0.0,0.0,0.0,0.0,0.0,0.1149144252873906,0.0537897309855871,0.1136919314013546,0.2652811732698274,0.1051344741991021,0.0635696820738757,0.0488997554414428,0.2347188261189256,/Users/ithikash/Downloads/Crowd-Analysis-main/fusion/alpha_fused/alpha_windows.csv,alpha_fused,416.0,447.0,2,1,2,1,5.0,0.44337379932403564,0.17589397721372713,-0.0013057930816279262,0.005953617470157213,0.0686811660477824
,,,,43,1.0519057512283323,2.7332450099907963,0.0,7.224434144868001,0.8715140975560745,311.1133117675781,3.699871584260164,0.6621083484638143,0.6668837705805419,1.0,0.0,0.0,0.0,0.0,-0.0,1.0,1.0,0.0,0.8711276332094176,0.0545229244114002,0.0408921933085501,0.0210656753407682,0.0086741016109045,0.0012391573729863,0.0,0.0024783147459727,0.0,0.0,0.0,0.0,0.0,0.0,0.0,0.0,0.1329411763141868,0.0635294116899654,0.1199999998588235,0.2882352937785467,0.1199999998588235,0.0458823528871972,0.0399999999529411,0.1894117644830449,/Users/ithikash/Downloads/Crowd-Analysis-main/fusion/alpha_fused/alpha_windows.csv,alpha_fused,432.0,463.0,2,1,2,1,1.0,-0.5488861799240115,-0.15136403269723075,-0.002046609478597583,-0.0037751810715267453,0.06356383596341769
,,,,44,0.7953238487243652,2.12685112170425,0.0,6.087401050908522,0.941404041495464,321.99603271484375,3.328693031215257,0.646848945144903,0.6608733229498502,1.0,0.0,0.0,0.0,0.0,-0.0,1.0,1.0,0.0,0.8854296388542964,0.0585305105853051,0.0236612702366127,0.0161892901618929,0.0112079701120797,0.0,0.0037359900373599,0.0012453300124533,0.0,0.0,0.0,0.0,0.0,0.0,0.0,0.0,0.1027154662305602,0.0531286894296001,0.1617473433745604,0.3187721365776008,0.1180637542880003,0.0909090908017602,0.01889020068608,0.1357733174312003,/Users/ithikash/Downloads/Crowd-Analysis-main/fusion/alpha_fused/alpha_windows.csv,alpha_fused,448.0,479.0,2,1,2,1,1.0,-0.25658190250396706,-0.6063938882865463,-0.006010447630691695,-0.015259403318911291,0.048337524394698315
,,,,34,0.5713145732879639,1.9673930663665995,0.0,5.1766850351809515,0.9585100628171288,263.41754150390625,3.13856601951406,0.6389127690288269,0.6542851567735432,1.0,0.0,0.0,0.0,0.0,-0.0,1.0,1.0,0.0,0.8797564687975646,0.0730593607305936,0.030441400304414,0.0076103500761035,0.0060882800608828,0.0,0.0015220700152207,0.0015220700152207,0.0,0.0,0.0,0.0,0.0,0.0,0.0,0.0,0.0405209840224008,0.0188133140104004,0.1736613600960038,0.3212735161776071,0.1287988420712028,0.137481910076003,0.0217076700120004,0.1577424020872034,/Users/ithikash/Downloads/Crowd-Analysis-main/fusion/alpha_fused/alpha_windows.csv,alpha_fused,464.0,495.0,2,1,2,1,-10.0,-0.22400927543640137,-0.15945805533765056,-0.0065881661763070865,-0.00793617611607611,0.05786450025006175
,,,,29,0.1849036663770675,2.3295666317131034,0.0,5.4995087802068285,0.8430154640815718,304.2714538574219,2.7248214795742056,0.6213829031241913,0.6444144806787375,1.0,0.0,0.0,0.0,0.0,-0.0,1.0,1.0,0.0,0.825,0.0916666666666666,0.0458333333333333,0.0229166666666666,0.0083333333333333,0.0041666666666666,0.0,0.0020833333333333,0.0,0.0,0.0,0.0,0.0,0.0,0.0,0.0,0.0,0.0,0.0785854615351955,0.3438113942164805,0.123772101917933,0.0943025538422346,0.0491159134594972,0.3104125730640225,/Users/ithikash/Downloads/Crowd-Analysis-main/fusion/alpha_fused/alpha_windows.csv,alpha_fused,480.0,511.0,1,0,1,0,-5.0,-0.38641090691089636,0.3621735653465039,-0.00987067609480563,-0.017529865904635566,0.08032988108218007
,,,,25,0.1922658830881118,1.7089699035430603,0.0,5.423325876796743,0.7479537173442825,126.67733764648438,2.4265237507429145,0.6085416270090724,0.633652624577838,1.0,0.0,0.0,0.0,0.0,-0.0,1.0,1.0,0.0,0.8929440389294404,0.0340632603406326,0.0340632603406326,0.0170316301703163,0.0145985401459854,0.0048661800486618,0.0,0.0024330900243309,0.0,0.0,0.0,0.0,0.0,0.0,0.0,0.0,0.0,0.0,0.0,0.3715596321753219,0.0504587154805992,0.0022935779763908,0.0252293577402996,0.5504587143338103,/Users/ithikash/Downloads/Crowd-Analysis-main/fusion/alpha_fused/alpha_windows.csv,alpha_fused,496.0,527.0,1,0,1,0,-4.0,0.007362216711044284,-0.6205967281700431,-0.010761856100899525,-0.012841276115118871,0.06835879340737068
,,,,26,0.2034814655780792,1.2809085137469032,0.0,4.539375540941216,0.8393007096525178,77.6041259765625,2.2055538994192654,0.5989302511921563,0.6232359125621334,1.0,0.0,0.0,0.0,0.0,-0.0,1.0,1.0,0.0,0.908466819221968,0.0205949656750572,0.0183066361556064,0.0160183066361556,0.0068649885583524,0.0137299771167048,0.0068649885583524,0.0091533180778032,0.0,0.0,0.0,0.0,0.0,0.0,0.0,0.0,0.0,0.0,0.0,0.4492440595048724,0.0064794816274741,0.0,0.0,0.5442764567078262,/Users/ithikash/Downloads/Crowd-Analysis-main/fusion/alpha_fused/alpha_windows.csv,alpha_fused,512.0,543.0,1,0,1,0,1.0,0.011215582489967402,-0.42806138979615715,-0.010416712015704599,-0.009611375816916179,0.04926571017235357
,,,,26,0.2755689620971679,1.9841355137368368,0.0,6.505958219846759,0.9737596098908452,87.06088256835938,3.042726107569358,0.6348830113270999,0.6267300421916233,1.0,0.0,0.0,0.0,0.0,-0.0,1.0,1.0,0.0,0.9054325955734408,0.028169014084507,0.0221327967806841,0.0181086519114688,0.0120724346076458,0.0080482897384305,0.0040241448692152,0.0020120724346076,0.0,0.0,0.0,0.0,0.0,0.0,0.0,0.0,0.0,0.0,0.0,0.6367112798533245,0.0,0.0,0.009560229427227,0.3537284888074025,/Users/ithikash/Downloads/Crowd-Analysis-main/fusion/alpha_fused/alpha_windows.csv,alpha_fused,528.0,559.0,1,0,1,0,0.0,0.07208749651908872,0.7032269999899337,0.003494129629489917,0.03595276013494364,0.07631290143938213
,,,,25,0.2485036551952362,1.567483481767728,0.0,6.222210477093714,0.9480133364157712,84.95885467529297,2.7503922036472845,0.6224760891124266,0.6254538562678642,1.0,0.0,0.0,0.0,0.0,-0.0,1.0,1.0,0.0,0.9292929292929292,0.0161616161616161,0.0242424242424242,0.008080808080808,0.006060606060606,0.008080808080808,0.004040404040404,0.004040404040404,0.0,0.0,0.0,0.0,0.0,0.0,0.0,0.0,0.0,0.0,0.0,0.7423076908801776,0.0,0.0,0.0115384615162721,0.2461538456804733,/Users/ithikash/Downloads/Crowd-Analysis-main/fusion/alpha_fused/alpha_windows.csv,alpha_fused,544.0,575.0,1,0,1,0,-1.0,-0.027065306901931707,-0.41665203196910894,-0.00127618592375911,-0.012406922214673322,0.06269933676273565
,,,,34,0.355822205543518,1.0560552475618417,0.0,3.8992429996067983,0.8328842804988481,130.84597778320312,2.396594643133517,0.6072445598179707,0.6199910673328961,1.0,0.0,0.0,0.0,0.0,-0.0,1.0,1.0,0.0,0.9201596806387226,0.0518962075848303,0.0239520958083832,0.0019960079840319,0.0,0.0,0.0,0.0019960079840319,0.0,0.0,0.0,0.0,0.0,0.0,0.0,0.1532710277508952,0.0,0.0,0.0,0.5682242980033191,0.0,0.0018691588750109,0.0803738316254694,0.1962616818761464,/Users/ithikash/Downloads/Crowd-Analysis-main/fusion/alpha_fused/alpha_windows.csv,alpha_fused,560.0,591.0,1,0,1,0,9.0,0.1073185503482818,-0.5114282342058862,-0.005462788934968099,-0.015231529294455926,0.031060447544158654
,,,,34,0.1829586178064346,0.8907989418474632,0.0,3.153893299308135,0.7737283570754548,219.4445343017578,1.7510371227088457,0.5789270514588784,0.6076718625706907,1.0,0.0,0.0,0.0,0.0,-0.0,1.0,1.0,0.0,0.9172413793103448,0.0017241379310344,0.0224137931034482,0.0241379310344827,0.0172413793103448,0.0068965517241379,0.0086206896551724,0.0017241379310344,0.0,0.0,0.0,0.0,0.0,0.0,0.0,0.3159609115375229,0.0,0.0,0.0,0.2931596086430625,0.0293159608643062,0.0684039086833812,0.1758957651858375,0.117263843457225,/Users/ithikash/Downloads/Crowd-Analysis-main/fusion/alpha_fused/alpha_windows.csv,alpha_fused,576.0,607.0,1,0,1,0,0.0,-0.1728635877370834,-0.16525630571437844,-0.012319204762205382,-0.028317508359092303,0.02619996810727927
,,,,32,0.1126950830221176,0.6803607189993593,0.0,3.1638084875129246,0.8455348135927412,314.14532470703125,1.5357741641130889,0.5693578466158129,0.5961776577842274,1.0,0.0,0.0,0.0,0.0,-0.0,1.0,1.0,0.0,0.9483333333333334,0.0116666666666666,0.0233333333333333,0.0116666666666666,0.0016666666666666,0.0,0.0016666666666666,0.0016666666666666,0.0,0.0,0.0,0.0,0.0,0.0,0.0,0.270569619825048,0.0,0.0,0.0,0.1819620250285411,0.0854430378394888,0.2294303793838127,0.1882911389425773,0.0443037973982534,/Users/ithikash/Downloads/Crowd-Analysis-main/fusion/alpha_fused/alpha_windows.csv,alpha_fused,592.0,623.0,1,0,1,0,-2.0,-0.070263534784317,-0.21043822284810387,-0.011494204786463347,-0.009569204843065449,0.021261271804315238
,,,,28,0.1153885275125503,1.105757640320672,0.0,3.97531193246692,0.9345956559079116,262.2067565917969,1.8878285860331931,0.5849777213588444,0.5928176768566125,1.0,0.0,0.0,0.0,0.0,-0.0,1.0,1.0,0.0,0.9163179916317992,0.0292887029288702,0.0209205020920502,0.0209205020920502,0.006276150627615,0.002092050209205,0.002092050209205,0.002092050209205,0.0,0.0,0.0,0.0,0.0,0.0,0.0,0.1245059286076958,0.0,0.0,0.0,0.1976284581074536,0.1264822131887703,0.3952569162149073,0.1422924898373666,0.0138339920675217,/Users/ithikash/Downloads/Crowd-Analysis-main/fusion/alpha_fused/alpha_windows.csv,alpha_fused,608.0,639.0,1,0,1,0,-4.0,0.0026934444904326976,0.42539692132131257,-0.003359980927614914,0.015619874743031503,0.03949134288676175
,,,,19,0.1319086700677871,1.4208212113995606,0.0,3.7414035979225586,0.8606217498342111,258.2338562011719,1.9756837272994816,0.5888504484461491,0.5916275083334734,1.0,0.0,0.0,0.0,0.0,-0.0,1.0,1.0,0.0,0.849624060150376,0.056390977443609,0.037593984962406,0.018796992481203,0.0150375939849624,0.0112781954887218,0.0075187969924812,0.0037593984962406,0.0,0.0,0.0,0.0,0.0,0.0,0.0,0.0701754383502616,0.0,0.0,0.0,0.301754384906125,0.1368421047830101,0.4245614020190828,0.0666666664327485,0.0,/Users/ithikash/Downloads/Crowd-Analysis-main/fusion/alpha_fused/alpha_windows.csv,alpha_fused,624.0,655.0,1,0,1,0,-9.0,0.01652014255523679,0.3150635710788887,-0.0011901685231390235,0.0038727270873046837,0.07478005982207898
,,,,19,0.1276025921106338,1.3821407568868262,0.0,3.5672814801722668,0.966954538649996,268.842529296875,1.9871277143427295,0.5893541103006846,0.5909454889236367,1.0,0.0,0.0,0.0,0.0,-0.0,1.0,1.0,0.0,0.8416666666666667,0.0541666666666666,0.025,0.0291666666666666,0.0166666666666666,0.0083333333333333,0.0125,0.0125,0.0,0.0,0.0,0.0,0.0,0.0,0.0,0.1621621615360534,0.0,0.0,0.0,0.3088803076877208,0.0424710423070616,0.4864864846081603,0.0,0.0,/Users/ithikash/Downloads/Crowd-Analysis-main/fusion/alpha_fused/alpha_windows.csv,alpha_fused,640.0,671.0,1,0,1,0,0.0,-0.0043060779571532926,-0.038680454512734386,-0.0006820194098366983,0.000503661854535542,0.07274424653381999
,,,,17,0.1551661491394043,0.9541359446673308,0.0,3.670416488474816,0.9183204847304648,257.20709228515625,1.871124518710026,0.5842401873602014,0.5889338984546061,1.0,0.0,0.0,0.0,0.0,-0.0,1.0,1.0,0.0,0.9398907103825136,0.0327868852459016,0.0081967213114754,0.0136612021857923,0.0,0.0027322404371584,0.0,0.0027322404371584,0.0,0.0,0.0,0.0,0.0,0.0,0.0,0.1305483025312054,0.0,0.0,0.0,0.1932114877461841,0.0234986944556169,0.6527415126560274,0.0,0.0,/Users/ithikash/Downloads/Crowd-Analysis-main/fusion/alpha_fused/alpha_windows.csv,alpha_fused,656.0,687.0,1,0,1,0,-2.0,0.027563557028770502,-0.4280048122194955,-0.002011590469030655,-0.005113922940483184,0.05612564050245236
,,,,20,0.1171531826257705,0.681796062533999,0.0,2.9963576744503784,0.9038147711042858,265.38958740234375,1.5573438627070813,0.570319159061602,0.5833494766367049,1.0,0.0,0.0,0.0,0.0,-0.0,1.0,1.0,0.0,0.9546742209631728,0.0339943342776204,0.0056657223796034,0.0,0.0,0.0028328611898017,0.0,0.0028328611898017,0.0,0.0,0.0,0.0,0.0,0.0,0.0,0.1233243964522134,0.0,0.0,0.0,0.1340482570132754,0.0670241285066377,0.6756032153469083,0.0,0.0,/Users/ithikash/Downloads/Crowd-Analysis-main/fusion/alpha_fused/alpha_windows.csv,alpha_fused,672.0,703.0,1,0,1,0,3.0,-0.0380129665136338,-0.2723398821333317,-0.005584421817901197,-0.013921028298599425,0.03408980142220988
,,,,24,0.1604944765567779,1.5262233174169269,0.0,5.887197586604905,0.8772416278314445,281.04296875,2.421150040409817,0.6083088535473148,0.5908372897098878,1.0,0.0,0.0,0.0,0.0,-0.0,1.0,1.0,0.0,0.9492537313432836,0.035820895522388,0.0029850746268656,0.0,0.0,0.0029850746268656,0.0029850746268656,0.0059701492537313,0.0,0.0,0.0,0.0,0.0,0.0,0.0,0.1309192196910328,0.0,0.0,0.0,0.1142061278155818,0.1866295259425361,0.5598885778276084,0.0,0.0083565459377255,/Users/ithikash/Downloads/Crowd-Analysis-main/fusion/alpha_fused/alpha_windows.csv,alpha_fused,688.0,719.0,1,0,1,0,4.0,0.0433412939310074,0.8444272548829278,0.007487813073182914,0.037989694485712766,0.06359263557601214
,,,,21,0.1447915583848953,1.52130456983897,0.0,5.124027340749822,0.84370635990459,305.2714538574219,2.2453286246815702,0.6006661650177877,0.5937859523022577,1.0,0.0,0.0,0.0,0.0,-0.0,1.0,1.0,0.0,0.9393258426966292,0.0404494382022471,0.0112359550561797,0.0,0.0022471910112359,0.0,0.0044943820224719,0.0022471910112359,0.0,0.0,0.0,0.0,0.0,0.0,0.0,0.0879828324292213,0.0,0.0,0.0,0.1545064374366814,0.2789699564828971,0.4377682394039308,0.0,0.0407725321013465,/Users/ithikash/Downloads/Crowd-Analysis-main/fusion/alpha_fused/alpha_windows.csv,alpha_fused,704.0,735.0,1,0,1,0,-3.0,-0.0157029181718826,-0.00491874757795685,0.0029486625923699217,-0.007642688529527097,0.0724430713045666
,,,,19,0.1045903712511062,0.9864350487991738,0.0,3.2431420742966734,0.884473134686658,316.89703369140625,1.6732051587686294,0.5754735903379133,0.5882922437129544,1.0,0.0,0.0,0.0,0.0,-0.0,1.0,1.0,0.0,0.9099307159353348,0.0577367205542725,0.0161662817551963,0.0046189376443418,0.0092378752886836,0.0,0.0,0.0023094688221709,0.0,0.0,0.0,0.0,0.0,0.0,0.0,0.0486725662639987,0.0,0.0,0.0,0.2477876100712663,0.2544247781981752,0.3761061938581721,0.0,0.0730088493959981,/Users/ithikash/Downloads/Crowd-Analysis-main/fusion/alpha_fused/alpha_windows.csv,alpha_fused,720.0,751.0,1,0,1,0,-2.0,-0.04020118713378909,-0.5348695210397962,-0.005493708589303314,-0.025192574679874347,0.05191763141481802
,,,,14,0.0485339798033237,0.6801365933206795,0.0,2.1801524355859874,0.9710132073693776,290.9375,1.3030203723934968,0.5589527164484577,0.5794903855336053,1.0,0.0,0.0,0.0,0.0,-0.0,1.0,1.0,0.0,0.9065040650406504,0.0528455284552845,0.016260162601626,0.008130081300813,0.0,0.008130081300813,0.0040650406504065,0.0040650406504065,0.0,0.0,0.0,0.0,0.0,0.0,0.0,0.0230769229881656,0.0,0.0,0.0,0.3846153831360946,0.1384615379289941,0.2961538450147929,0.0,0.1576923070857988,/Users/ithikash/Downloads/Crowd-Analysis-main/fusion/alpha_fused/alpha_windows.csv,alpha_fused,736.0,767.0,1,0,1,0,-5.0,-0.05605639144778251,-0.3062984554784942,-0.008801858179349087,-0.016520873889455667,0.04858118176710699
,,,,9,0.0418634228408336,0.4917660834756111,0.168328335571476,0.9568142015617112,0.9610566722464324,159.48080444335938,1.021521121670724,0.5462997581664106,0.5695331973234469,1.0,0.0,0.0,0.0,0.0,-0.0,1.0,1.0,0.0,0.8487394957983193,0.0588235294117647,0.0168067226890756,0.0336134453781512,0.0252100840336134,0.0,0.0084033613445378,0.0084033613445378,0.0,0.0,0.0,0.0,0.0,0.0,0.0,0.0,0.0,0.0,0.0,0.5859374954223633,0.0,0.1015624992065429,0.0,0.3124999975585937,/Users/ithikash/Downloads/Crowd-Analysis-main/fusion/alpha_fused/alpha_windows.csv,alpha_fused,752.0,783.0,1,0,1,0,-5.0,-0.006670556962490096,-0.18837050984506842,-0.009957188210158452,-0.012652958282047044,0.05464066987054903
,,,,4,0.0425802022218704,0.3773377780858196,0.2187335323359335,0.5783215257806519,0.9493950249446838,78.58116149902344,0.9137708553680268,0.541439762438972,0.5611051668581044,1.0,0.0,0.0,0.0,0.0,-0.0,1.0,1.0,0.0,0.7448979591836735,0.1530612244897959,0.0510204081632653,0.0204081632653061,0.0,0.010204081632653,0.010204081632653,0.010204081632653,0.0,0.0,0.0,0.0,0.0,0.0,0.0,0.0,0.0,0.0,0.0,0.6862745030757402,0.0,0.0,0.0,0.3137254871203384,/Users/ithikash/Downloads/Crowd-Analysis-main/fusion/alpha_fused/alpha_windows.csv,alpha_fused,768.0,799.0,1,0,1,0,-5.0,0.0007167793810368001,-0.11442830538979154,-0.008428030465342462,-0.004859995727438671,0.09433442093784966
,,,,4,0.0426103621721267,0.3790190033843451,0.2181225040403657,0.5013977286500065,0.98204729619108,75.25044250488281,0.922571537826587,0.5418370192141093,0.5553247225649058,1.0,0.0,0.0,0.0,0.0,-0.0,1.0,1.0,0.0,0.6593406593406593,0.1648351648351648,0.0549450549450549,0.0659340659340659,0.0329670329670329,0.0109890109890109,0.0,0.0109890109890109,0.0,0.0,0.0,0.0,0.0,0.0,0.0,0.0,0.0,0.0,0.0,0.6631578877562327,0.0,0.0,0.0,0.3368421017174515,/Users/ithikash/Downloads/Crowd-Analysis-main/fusion/alpha_fused/alpha_windows.csv,alpha_fused,784.0,815.0,1,0,1,0,0.0,3.0159950256299084e-05,0.0016812252985254905,-0.005780444293198572,0.0003972567751373557,0.09475472715740448
,,,,4,0.0435770861804485,0.4759976945656752,0.3225075536127923,0.5830680685361818,0.9478032737825138,75.28211212158203,0.95548397237861,0.543322188563508,0.5517239623644865,1.0,0.0,0.0,0.0,0.0,-0.0,1.0,1.0,0.0,0.5384615384615384,0.2747252747252747,0.0879120879120879,0.0219780219780219,0.0329670329670329,0.0109890109890109,0.0109890109890109,0.0219780219780219,0.0,0.0,0.0,0.0,0.0,0.0,0.0,0.0,0.0,0.0,0.0,0.642105256398892,0.0,0.0,0.0,0.3578947330747923,/Users/ithikash/Downloads/Crowd-Analysis-main/fusion/alpha_fused/alpha_windows.csv,alpha_fused,800.0,831.0,1,0,1,0,0.0,0.0009667240083217968,0.09697869118133012,-0.0036007602004193284,0.001485169349398685,0.11899939389157033
,,,,3,0.0460245236754417,0.6667965018955685,0.498027562720666,0.6890626163658755,0.9207416618569152,73.66596221923828,1.0375842987029416,0.5470235434430852,0.5503138366880661,1.0,0.0,0.0,0.0,0.0,-0.0,1.0,1.0,0.0,0.5161290322580645,0.2903225806451613,0.1075268817204301,0.043010752688172,0.010752688172043,0.021505376344086,0.0,0.010752688172043,0.0,0.0,0.0,0.0,0.0,0.0,0.0,0.0,0.0,0.0,0.0,0.4791666616753472,0.0,0.0,0.0,0.5208333279079862,/Users/ithikash/Downloads/Crowd-Analysis-main/fusion/alpha_fused/alpha_windows.csv,alpha_fused,816.0,847.0,1,0,1,0,-1.0,0.002447437494993203,0.1907988073298933,-0.001410125676420404,0.0037013548795772344,0.22226542654338063
,,,,3,0.0449305102229118,0.9456283516339176,0.6296821954896574,1.0364872562530083,0.9285606226018448,68.35565948486328,1.2031871001483196,0.5544732541921629,0.5515616619392951,1.0,0.0,0.0,0.0,0.0,-0.0,1.0,1.0,0.0,0.5698924731182796,0.2903225806451613,0.075268817204301,0.010752688172043,0.010752688172043,0.021505376344086,0.010752688172043,0.010752688172043,0.0,0.0,0.0,0.0,0.0,0.0,0.0,0.0,0.0,0.0,0.0,0.4479166620008681,0.0,0.0,0.0,0.5520833275824654,/Users/ithikash/Downloads/Crowd-Analysis-main/fusion/alpha_fused/alpha_windows.csv,alpha_fused,832.0,863.0,1,0,1,0,0.0,-0.0010940134525299003,0.27883184973834907,0.0012478252512290178,0.0074497107490776315,0.31520934547485735
,,,,3,0.0463521555066108,1.4441176222505718,0.5922056059787008,3.0533261753848895,0.9047131237166852,67.6489028930664,1.6943542010313664,0.5764127330003823,0.5590169832576213,1.0,0.0,0.0,0.0,0.0,-0.0,1.0,1.0,0.0,0.9247311827956988,0.043010752688172,0.010752688172043,0.0,0.0,0.0,0.0,0.021505376344086,0.0,0.0,0.0,0.0,0.0,0.0,0.0,0.0,0.0,0.0,0.0,0.5833333272569445,0.0,0.0,0.0,0.4166666623263889,/Users/ithikash/Downloads/Crowd-Analysis-main/fusion/alpha_fused/alpha_windows.csv,alpha_fused,848.0,879.0,1,0,1,0,0.0,0.001421645283699001,0.49848927061665427,0.007455321318326158,0.021939478808219448,0.4813723802927305
,,,,3,0.0470675453543663,1.6815837529056297,0.6014975630402845,3.350630090646916,0.9219386399709764,58.4958381652832,1.846060093400241,0.5831328116297062,0.5662517317692467,1.0,0.0,0.0,0.0,0.0,-0.0,1.0,1.0,0.0,0.8709677419354839,0.075268817204301,0.010752688172043,0.010752688172043,0.010752688172043,0.0,0.0,0.021505376344086,0.0,0.0,0.0,0.0,0.0,0.0,0.0,0.0,0.0,0.0,0.0,0.6354166600477431,0.0,0.0,0.0,0.3645833295355903,/Users/ithikash/Downloads/Crowd-Analysis-main/fusion/alpha_fused/alpha_windows.csv,alpha_fused,864.0,895.0,1,0,1,0,0.0,0.0007153898477555015,0.23746613065505784,0.007234748511625422,0.006720078629323889,0.560527730792633
,,,,4,0.0507119037210941,1.6051970700369145,0.2276849238260159,4.517208175623013,0.9358933946526576,59.22372055053711,2.0079758151141114,0.5902711750782716,0.5734575647619542,1.0,0.0,0.0,0.0,0.0,-0.0,1.0,1.0,0.0,0.9108910891089108,0.0495049504950495,0.0198019801980198,0.0,0.0099009900990099,0.0,0.0,0.0099009900990099,0.0,0.0,0.0,0.0,0.0,0.0,0.0,0.0,0.0,0.0,0.0,0.6571428508843539,0.0,0.0,0.0,0.3428571395918368,/Users/ithikash/Downloads/Crowd-Analysis-main/fusion/alpha_fused/alpha_windows.csv,alpha_fused,880.0,911.0,1,0,1,0,1.0,0.0036443583667277943,-0.0763866828687152,0.007205832992707495,0.0071383634485654435,0.4012991671844368
,,,,4,0.044327013194561,0.907845544956441,0.0,4.058910097728894,0.9252435281125932,59.39155578613281,1.6379383819922833,0.573906327168806,0.5735921934840097,1.0,0.0,0.0,0.0,0.0,-0.0,1.0,1.0,0.0,0.9557522123893806,0.0176991150442477,0.0088495575221238,0.0,0.0088495575221238,0.0,0.0,0.0088495575221238,0.0,0.0,0.0,0.0,0.0,0.0,0.0,0.0,0.0,0.0,0.0,0.5726495677551319,0.0,0.0,0.0,0.4273504236978596,/Users/ithikash/Downloads/Crowd-Analysis-main/fusion/alpha_fused/alpha_windows.csv,alpha_fused,896.0,927.0,1,0,1,0,0.0,-0.006384890526533099,-0.6973515250804735,0.00013462872205549647,-0.016364847909465685,0.22696132949877787
,,,,4,0.0405163317918777,0.2289811079700313,0.0418845282574805,0.3793321064313688,0.9569957704417584,55.32760238647461,0.8239805611296168,0.5373837665713735,0.5627296654102188,1.0,0.0,0.0,0.0,0.0,-0.0,1.0,1.0,0.0,0.7157894736842105,0.1578947368421052,0.0421052631578947,0.031578947368421,0.031578947368421,0.0105263157894736,0.0,0.0105263157894736,0.0,0.0,0.0,0.0,0.0,0.0,0.0,0.0,0.0,0.0,0.0,0.535353529945924,0.0,0.0,0.0,0.4646464599530661,/Users/ithikash/Downloads/Crowd-Analysis-main/fusion/alpha_fused/alpha_windows.csv,alpha_fused,912.0,943.0,1,0,1,0,0.0,-0.0038106814026832997,-0.6788644369864096,-0.010862528073790845,-0.03652256059743242,0.05724526268119215
,,,,5,0.0508841723203659,0.2097846185813768,0.0349074278908743,0.3912908309925565,0.9386182479658084,41.74946594238281,0.8329888594839334,0.5377909206553227,0.55524804198375,1.0,0.0,0.0,0.0,0.0,-0.0,1.0,1.0,0.0,0.7631578947368421,0.1052631578947368,0.0657894736842105,0.0131578947368421,0.0263157894736842,0.0131578947368421,0.0,0.0131578947368421,0.0,0.0,0.0,0.0,0.0,0.0,0.0,0.0,0.0,0.0,0.0,0.5185185121170555,0.0,0.0,0.0,0.4814814755372657,/Users/ithikash/Downloads/Crowd-Analysis-main/fusion/alpha_fused/alpha_windows.csv,alpha_fused,928.0,959.0,1,0,1,0,1.0,0.0103678405284882,-0.01919648938865448,-0.007481623426468853,0.0004071540839492016,0.0419569153248923
,,,,4,0.0516218580305576,0.5237411358990766,0.038266946375456,2.0414893259037523,0.8861902842656083,56.77568817138672,1.176488673513684,0.5532737787422564,0.5546557630113019,1.0,0.0,0.0,0.0,0.0,-0.0,1.0,1.0,0.0,0.9534883720930232,0.0116279069767441,0.0,0.0116279069767441,0.0116279069767441,0.0,0.0,0.0116279069767441,0.0,0.0,0.0,0.0,0.0,0.0,0.0,0.0,0.0,0.0,0.0,0.4888888834567902,0.0,0.0,0.0,0.5111111054320988,/Users/ithikash/Downloads/Crowd-Analysis-main/fusion/alpha_fused/alpha_windows.csv,alpha_fused,944.0,975.0,1,0,1,0,-1.0,0.0007376857101916989,0.31395651731769975,-0.0005922789724480682,0.015482858086933615,0.1309352512409563
,,,,3,0.0510798618197441,0.8619506506269001,0.1120382756393845,2.108949568071482,0.9230862800530024,69.49214935302734,1.3426741427032782,0.5607293407072965,0.5564778363201003,1.0,0.0,0.0,0.0,0.0,-0.0,1.0,1.0,0.0,0.8709677419354839,0.075268817204301,0.021505376344086,0.010752688172043,0.010752688172043,0.0,0.0,0.010752688172043,0.0,0.0,0.0,0.0,0.0,0.0,0.0,0.0,0.0,0.0,0.0,0.5937499938151043,0.0,0.0,0.0,0.4062499957682292,/Users/ithikash/Downloads/Crowd-Analysis-main/fusion/alpha_fused/alpha_windows.csv,alpha_fused,960.0,991.0,1,0,1,0,-1.0,-0.0005419962108134946,0.33820951472782357,0.0018220733087983554,0.007455561965040158,0.28731678777003744
,,,,4,0.05072733014822,0.8366450835227416,0.3009088666609782,1.0843755536033968,0.9154382466726356,64.45516204833984,1.173395636835183,0.5531347780658541,0.5554749188438264,1.0,0.0,0.0,0.0,0.0,-0.0,1.0,1.0,0.0,0.5955056179775281,0.1235955056179775,0.0898876404494382,0.0898876404494382,0.0449438202247191,0.0224719101123595,0.0,0.0337078651685393,0.0,0.0,0.0,0.0,0.0,0.0,0.0,0.0,0.0,0.0,0.0,0.6559139714417853,0.0,0.0,0.0,0.3440860178055267,/Users/ithikash/Downloads/Crowd-Analysis-main/fusion/alpha_fused/alpha_windows.csv,alpha_fused,976.0,1007.0,1,0,1,0,1.0,-0.00035253167152410336,-0.025305567104158544,-0.0010029174762739013,-0.007594562641442426,0.20916121859038075
,,,,5,0.0559446513652801,0.7492920983365153,0.3004578387038721,1.0332476057627809,0.934598979963742,61.955543518066406,1.155325002410625,0.5523225206851414,0.5545291993962209,1.0,0.0,0.0,0.0,0.0,-0.0,1.0,1.0,0.0,0.6274509803921569,0.1470588235294117,0.0980392156862745,0.0686274509803921,0.0196078431372549,0.0196078431372549,0.0098039215686274,0.0098039215686274,0.0,0.0,0.0,0.0,0.0,0.0,0.0,0.0,0.0,0.0,0.0,0.570093452615949,0.0,0.0,0.0,0.4299065380382567,/Users/ithikash/Downloads/Crowd-Analysis-main/fusion/alpha_fused/alpha_windows.csv,alpha_fused,992.0,1023.0,1,0,1,0,1.0,0.005217321217060103,-0.08735298518622625,-0.0009457194476054642,-0.0008122573807126665,0.14985838969562512
,,,,5,0.0568351075053215,0.6072444127197942,0.0,1.2519241769216345,0.9152654747323222,63.5108757019043,1.1219334477145373,0.5508208711176911,0.5534167009126619,1.0,0.0,0.0,0.0,0.0,-0.0,1.0,1.0,0.0,0.784,0.104,0.032,0.032,0.016,0.008,0.008,0.016,0.0,0.0,0.0,0.0,0.0,0.0,0.0,0.0,0.0,0.0,0.0,0.6076923030177516,0.0,0.0,0.0,0.3923076892899408,/Users/ithikash/Downloads/Crowd-Analysis-main/fusion/alpha_fused/alpha_windows.csv,alpha_fused,1008.0,1039.0,1,0,1,0,0.0,0.0008904561400413999,-0.1420476856167211,-0.001112498483558988,-0.0015016495674503583,0.12144885825418719
,,,,5,0.0466852895915508,0.5533568873157809,0.0,1.700195216659095,0.9052965759838504,76.05948638916016,1.1362631963737817,0.5514654084740254,0.5528313131810709,1.0,0.0,0.0,0.0,0.0,-0.0,1.0,1.0,0.0,0.908450704225352,0.0492957746478873,0.0140845070422535,0.0140845070422535,0.0,0.0,0.0070422535211267,0.0070422535211267,0.0,0.0,0.0,0.0,0.0,0.0,0.0,0.0,0.0,0.0,0.0,0.6938775463001527,0.0,0.0,0.0,0.3061224468971262,/Users/ithikash/Downloads/Crowd-Analysis-main/fusion/alpha_fused/alpha_windows.csv,alpha_fused,1024.0,1055.0,1,0,1,0,0.0,-0.010149817913770703,-0.053887525404013314,-0.0005853877315910028,0.000644537356334296,0.11067135532888511
,,,,5,0.0394732840359211,0.4021989463074938,0.0,1.5509184143026034,0.8556509187061706,81.25750732421875,1.0055911037629222,0.5455817795114172,0.5506564530801747,1.0,0.0,0.0,0.0,0.0,-0.0,1.0,1.0,0.0,0.9318181818181818,0.053030303030303,0.0,0.0,0.0,0.0,0.0075757575757575,0.0075757575757575,0.0,0.0,0.0,0.0,0.0,0.0,0.0,0.0,0.0,0.0,0.0,0.591240871596782,0.0,0.0,0.0,0.408759121103948,/Users/ithikash/Downloads/Crowd-Analysis-main/fusion/alpha_fused/alpha_windows.csv,alpha_fused,1040.0,1071.0,1,0,1,0,0.0,-0.0072120055556297025,-0.1511579410082871,-0.002174860100896181,-0.0058836289626081895,0.08043977317354413
,,,,4,0.0264452639967203,0.3450861542934338,0.0,1.1987219850033275,0.8077073927843847,69.24705505371094,0.8685803554103801,0.539399075194434,0.5472792397144525,1.0,0.0,0.0,0.0,0.0,-0.0,1.0,1.0,0.0,0.9529411764705882,0.0352941176470588,0.0,0.0,0.0,0.0,0.0,0.0117647058823529,0.0,0.0,0.0,0.0,0.0,0.0,0.0,0.0,0.0,0.0,0.0,0.2921348281782603,0.0,0.0,0.0,0.7078651605857847,/Users/ithikash/Downloads/Crowd-Analysis-main/fusion/alpha_fused/alpha_windows.csv,alpha_fused,1056.0,1087.0,0,0,0,0,-1.0,-0.013028020039200797,-0.05711279201406,-0.003377213365722276,-0.006182704316983201,0.08627151700547919
,,,,2,0.0367686823010444,1.5527207504111515,0.3745029503145241,3.1107516120260894,0.8356023035461075,27.386980056762695,1.680984137035063,0.5758190867563692,0.5558411938270275,1.0,0.0,0.0,0.0,0.0,-0.0,1.0,1.0,0.0,0.8222222222222222,0.0444444444444444,0.0222222222222222,0.0,0.0444444444444444,0.0,0.0222222222222222,0.0444444444444444,0.0,0.0,0.0,0.0,0.0,0.0,0.0,0.0,0.0,0.0,0.0,0.0,0.0,0.0,0.0,0.9999999787234048,/Users/ithikash/Downloads/Crowd-Analysis-main/fusion/alpha_fused/alpha_windows.csv,alpha_fused,1072.0,1103.0,1,0,1,0,-2.0,0.010323418304324102,1.2076345961177177,0.008561954112574988,0.036420011561935195,0.7763599870255822
,,,,3,0.0489339530467987,1.6818551924044751,0.4015563045944065,3.1629607995208384,0.931309781132456,18.908613204956055,1.8283069548933049,0.582347948693326,0.563793220286917,1.0,0.0,0.0,0.0,0.0,-0.0,1.0,1.0,0.0,0.8181818181818182,0.0303030303030303,0.0303030303030303,0.0,0.0606060606060606,0.0,0.0,0.0606060606060606,0.0,0.0,0.0,0.0,0.0,0.0,0.0,0.0,0.0,0.0,0.0,0.1111111080246914,0.0,0.0,0.0,0.8888888641975317,/Users/ithikash/Downloads/Crowd-Analysis-main/fusion/alpha_fused/alpha_windows.csv,alpha_fused,1088.0,1119.0,1,0,1,0,1.0,0.012165270745754297,0.12913444199332358,0.007952026459889572,0.006528861936956787,0.5606182105954215
,,,,3,0.0597255416214466,2.5096997507929935,0.4381719308401561,4.056807736948604,0.9280134965128338,50.55615234375,2.318522970684488,0.6038540034320881,0.5758114552304683,1.0,0.0,0.0,0.0,0.0,-0.0,1.0,1.0,0.0,0.6461538461538462,0.1538461538461538,0.0615384615384615,0.0307692307692307,0.0,0.0461538461538461,0.0307692307692307,0.0307692307692307,0.0,0.0,0.0,0.0,0.0,0.0,0.0,0.0,0.0,0.0,0.0,0.5294117569204153,0.0,0.0,0.0,0.4705882283737025,/Users/ithikash/Downloads/Crowd-Analysis-main/fusion/alpha_fused/alpha_windows.csv,alpha_fused,1104.0,1135.0,1,0,1,0,0.0,0.010791588574647903,0.8278445583885183,0.012018234943551254,0.021506054738762104,0.8365663047422295
,,,,3,0.0482065714895725,2.4318954436759728,0.352102295734768,3.664943402293338,0.8850038298716574,58.359806060791016,2.1740184016202666,0.5975521586422844,0.5823336662540131,1.0,0.0,0.0,0.0,0.0,-0.0,1.0,1.0,0.0,0.5934065934065934,0.1868131868131868,0.1098901098901098,0.0329670329670329,0.0,0.0329670329670329,0.0219780219780219,0.0219780219780219,0.0,0.0,0.0,0.0,0.0,0.0,0.0,0.0,0.0,0.0,0.0,0.6595744610683568,0.0,0.0,0.0,0.3404255282933454,/Users/ithikash/Downloads/Crowd-Analysis-main/fusion/alpha_fused/alpha_windows.csv,alpha_fused,1120.0,1151.0,1,0,1,0,0.0,-0.011518970131874105,-0.07780430711702069,0.006522211023544777,-0.006301844789803668,0.8106315443481428
,,,,3,0.0379532873630523,2.936753535414672,1.4848722531625589,4.503416100026984,0.8957863488609775,78.54959106445312,2.482568880082353,0.6109663784612872,0.5909234799161953,1.0,0.0,0.0,0.0,0.0,-0.0,1.0,1.0,0.0,0.6533333333333333,0.24,0.0666666666666666,0.0133333333333333,0.0,0.0,0.0,0.0266666666666666,0.0,0.0,0.0,0.0,0.0,0.0,0.0,0.0,0.0,0.0,0.0,0.5897435821827746,0.0,0.0,0.0,0.4102564049967128,/Users/ithikash/Downloads/Crowd-Analysis-main/fusion/alpha_fused/alpha_windows.csv,alpha_fused,1136.0,1167.0,1,0,1,0,0.0,-0.010253284126520198,0.5048580917386993,0.008589813662182255,0.013414219819002815,0.9789175188323844
,,,,3,0.0503556095063686,3.7627021580804265,1.7284279108691023,5.414242885712547,0.8576570644702209,96.1466064453125,2.957700553550428,0.6312920528001742,0.603034051781389,1.0,0.0,0.0,0.0,0.0,-0.0,1.0,1.0,0.0,0.6349206349206349,0.1904761904761904,0.0793650793650793,0.0158730158730158,0.0317460317460317,0.0158730158730158,0.0,0.0317460317460317,0.0,0.0,0.0,0.0,0.0,0.0,0.0,0.0,0.0,0.0,0.0,0.4848484775022958,0.0,0.0,0.0,0.5151515073461893,/Users/ithikash/Downloads/Crowd-Analysis-main/fusion/alpha_fused/alpha_windows.csv,alpha_fused,1152.0,1183.0,1,0,1,0,0.0,0.012402322143316304,0.8259486226657544,0.012110571865193709,0.02032567433888699,1.2542336346155973
,,,,5,0.0510007925331592,1.4149333507532835,0.3741474132682598,3.0768866824022205,0.8703536677461873,205.6842041015625,1.6772205090421335,0.5756519377898313,0.5948194175839217,1.0,0.0,0.0,0.0,0.0,-0.0,1.0,1.0,0.0,0.8365384615384616,0.0961538461538461,0.0192307692307692,0.0096153846153846,0.0,0.0,0.0,0.0384615384615384,0.0,0.0,0.0,0.0,0.0,0.0,0.0,0.0,0.0,0.0,0.0,0.3944954092248127,0.0,0.1467889894790001,0.0,0.4587155921218753,/Users/ithikash/Downloads/Crowd-Analysis-main/fusion/alpha_fused/alpha_windows.csv,alpha_fused,1168.0,1199.0,1,0,1,0,2.0,0.0006451830267905981,-2.347768807327143,-0.008214634197467374,-0.05564011501034294,0.282986613553334
,,,,8,0.0654846578836441,0.8318673364527344,0.0,1.9392454940639627,0.9091958564295652,218.13075256347656,1.3328628981956812,0.5602899065388915,0.5844605642704126,1.0,0.0,0.0,0.0,0.0,-0.0,1.0,1.0,0.0,0.8439306358381503,0.0635838150289017,0.0289017341040462,0.0289017341040462,0.0115606936416184,0.0057803468208092,0.0115606936416184,0.0057803468208092,0.0,0.0,0.0,0.0,0.0,0.0,0.0,0.0,0.0,0.0,0.0,0.3370165727236653,0.0,0.1712707172857971,0.0,0.4917127044656756,/Users/ithikash/Downloads/Crowd-Analysis-main/fusion/alpha_fused/alpha_windows.csv,alpha_fused,1184.0,1215.0,1,0,1,0,3.0,0.014483865350484904,-0.5830660143005492,-0.010358853313509053,-0.015362031250939712,0.1039834040586663
,,,,8,0.0654846578836441,0.3159313512486103,0.0,1.3487037509562505,0.820044565842745,170.53009033203125,0.9844164853651796,0.5446271295032994,0.5725105338402786,1.0,0.0,0.0,0.0,0.0,-0.0,1.0,1.0,0.0,0.9428571428571428,0.0142857142857142,0.0095238095238095,0.019047619047619,0.0095238095238095,0.0,0.0,0.0047619047619047,0.0,0.0,0.0,0.0,0.0,0.0,0.0,0.0,0.0,0.0,0.0,0.3761467872653817,0.0,0.0688073391339113,0.0,0.555045869013551,/Users/ithikash/Downloads/Crowd-Analysis-main/fusion/alpha_fused/alpha_windows.csv,alpha_fused,1200.0,1231.0,1,0,1,0,0.0,0.0,-0.5159359852041241,-0.011950030430133984,-0.015662777035592157,0.03949141396964955
,,,,7,0.0,0.0,0.0,0.0,0.0,97.71392822265624,0.0,0.5,0.550757373688195,1.0,0.0,0.0,0.0,0.0,-0.0,1.0,1.0,0.0,1.0,0.0,0.0,0.0,0.0,0.0,0.0,0.0,0.0,0.0,0.0,0.0,0.0,0.0,0.0,0.0,0.0,0.0,0.0,0.4615384583109199,0.0,0.0,0.0,0.5384615346960732,/Users/ithikash/Downloads/Crowd-Analysis-main/fusion/alpha_fused/alpha_windows.csv,alpha_fused,1216.0,1247.0,1,0,1,0,-1.0,-0.0654846578836441,-0.3159313512486103,-0.021753160152083617,-0.04462712950329939,0.0
,,,,9,0.0203135628253221,0.0,0.0,0.0,0.0,275.727294921875,0.0507839061319828,0.5023083429695808,0.5362226644726107,1.0,0.0,0.0,0.0,0.0,-0.0,1.0,1.0,0.0,1.0,0.0,0.0,0.0,0.0,0.0,0.0,0.0,0.0,0.0,0.0,0.0,0.0,0.0,0.0,0.0,0.0,0.0,0.0,0.3396226351014597,0.0566037725169099,0.358490559273763,0.0,0.2452830142399431,/Users/ithikash/Downloads/Crowd-Analysis-main/fusion/alpha_fused/alpha_windows.csv,alpha_fused,1232.0,1263.0,0,0,0,0,2.0,0.0203135628253221,0.0,-0.014534709215584307,0.0023083429695808233,0.0
,,,,4,0.0201275460422039,0.0,0.0,0.0,0.0,82.03221893310547,0.0503188669681549,0.5022872051875276,0.5260420266870858,1.0,0.0,0.0,0.0,0.0,-0.0,1.0,1.0,0.0,1.0,0.0,0.0,0.0,0.0,0.0,0.0,0.0,0.0,0.0,0.0,0.0,0.0,0.0,0.0,0.0,0.0,0.0,0.0,0.0,0.3421052586565097,0.6578947281855957,0.0,0.0,/Users/ithikash/Downloads/Crowd-Analysis-main/fusion/alpha_fused/alpha_windows.csv,alpha_fused,1248.0,1279.0,0,0,0,0,-5.0,-0.00018601678311819941,0.0,-0.010180637785524915,-2.113778205325989e-05,0.0
,,,,4,0.0072100278921425,0.0,0.0,0.0,0.0,110.39878845214844,0.0180250704288482,0.5008193206392134,0.5184752148727241,1.0,0.0,0.0,0.0,0.0,-0.0,1.0,1.0,0.0,1.0,0.0,0.0,0.0,0.0,0.0,0.0,0.0,0.0,0.0,0.0,0.0,0.0,0.0,0.0,0.0,0.0,0.0,0.0,0.0,0.5425531857175193,0.4574468036441829,0.0,0.0,/Users/ithikash/Downloads/Crowd-Analysis-main/fusion/alpha_fused/alpha_windows.csv,alpha_fused,1264.0,1295.0,0,0,0,0,0.0,-0.0129175181500614,0.0,-0.007566811814361696,-0.0014678845483141467,0.0
,,,,4,0.0026645006146281,0.0,0.0,0.0,0.0,248.9241943359375,0.0066612516529858,0.5003027841369706,0.513023485651998,1.0,0.0,0.0,0.0,0.0,-0.0,1.0,1.0,0.0,1.0,0.0,0.0,0.0,0.0,0.0,0.0,0.0,0.0,0.0,0.0,0.0,0.0,0.0,0.0,0.0,0.0,0.0,0.0,0.0,0.5901639247514111,0.1967213082504703,0.0,0.2131147506046762,/Users/ithikash/Downloads/Crowd-Analysis-main/fusion/alpha_fused/alpha_windows.csv,alpha_fused,1280.0,1311.0,0,0,0,0,0.0,-0.004545527277514401,0.0,-0.00545172922072612,-0.0005165365022428148,0.0
,,,,4,0.0189783498644828,0.0,0.0,0.0,0.0,230.25680541992188,0.0474458746612072,0.5021566172500398,0.5097634251314105,1.0,0.0,0.0,0.0,0.0,-0.0,1.0,1.0,0.0,1.0,0.0,0.0,0.0,0.0,0.0,0.0,0.0,0.0,0.0,0.0,0.0,0.0,0.0,0.0,0.0,0.0,0.0,0.0,0.0,0.1999999950000001,0.024999999375,0.0,0.7749999806250005,/Users/ithikash/Downloads/Crowd-Analysis-main/fusion/alpha_fused/alpha_windows.csv,alpha_fused,1296.0,1327.0,0,0,0,0,0.0,0.0163138492498547,0.0,-0.003260060520587471,0.001853833113069192,0.0
,,,,5,0.030019462108612,0.1333036700295548,0.0,0.3995875039575798,0.6280760724651601,187.6193389892578,0.5651538901941395,0.5256662337827047,0.5145342677267988,1.0,0.0,0.0,0.0,0.0,-0.0,1.0,1.0,0.0,0.8888888888888888,0.0,0.0,0.037037037037037,0.0185185185185185,0.0,0.0185185185185185,0.037037037037037,0.0,0.0,0.0,0.0,0.0,0.0,0.0,0.0,0.0,0.0,0.0,0.0,0.0338983045101982,0.2881355883366849,0.0,0.6779660902039646,/Users/ithikash/Downloads/Crowd-Analysis-main/fusion/alpha_fused/alpha_windows.csv,alpha_fused,1312.0,1343.0,0,0,0,0,1.0,0.011041112244129202,0.1333036700295548,0.004770842595388292,0.023509616532664923,0.026660728673765222
,,,,6,0.0384112522006034,0.4314806439781669,0.0,1.0599339122419713,0.884074002993631,260.36102294921875,0.9580548604510168,0.5434381674754208,0.5232054376513854,1.0,0.0,0.0,0.0,0.0,-0.0,1.0,1.0,0.0,0.8137254901960784,0.088235294117647,0.0294117647058823,0.0392156862745098,0.0098039215686274,0.0,0.0,0.0196078431372549,0.0,0.0,0.0,0.0,0.0,0.0,0.0,0.0,0.0,0.0,0.0,0.0,0.222222220164609,0.2777777752057613,0.0,0.4999999953703704,/Users/ithikash/Downloads/Crowd-Analysis-main/fusion/alpha_fused/alpha_windows.csv,alpha_fused,1328.0,1359.0,0,0,0,0,1.0,0.0083917900919914,0.2981769739486121,0.008671169924586608,0.017771933692716124,0.07191342867745637
,,,,10,0.0686918124556541,0.6063053502263654,0.0,1.7280402605309475,0.899325242830173,275.2415466308594,1.2130528699202632,0.5549163321234799,0.5327187059930137,1.0,0.0,0.0,0.0,0.0,-0.0,1.0,1.0,0.0,0.8776978417266187,0.0503597122302158,0.0287769784172661,0.0,0.014388489208633,0.0071942446043165,0.014388489208633,0.0071942446043165,0.0,0.0,0.0,0.0,0.0,0.0,0.0,0.0,0.0,0.0,0.0,0.0,0.530201338723481,0.0939597309130219,0.0,0.3758389236520877,/Users/ithikash/Downloads/Crowd-Analysis-main/fusion/alpha_fused/alpha_windows.csv,alpha_fused,1344.0,1375.0,0,0,0,0,4.0,0.0302805602550507,0.17482470624819857,0.009513268341628356,0.011478164648059064,0.06063052895958365
,,,,18,0.0838102549314498,0.4677339740364234,0.0,1.902593799185329,0.8671485319407085,254.52127075195312,1.2022974195510288,0.5544332938094856,0.5392330823379552,1.0,0.0,0.0,0.0,0.0,-0.0,1.0,1.0,0.0,0.935483870967742,0.0120967741935483,0.0120967741935483,0.0040322580645161,0.0120967741935483,0.0161290322580645,0.0040322580645161,0.0040322580645161,0.0,0.0,0.0,0.0,0.0,0.0,0.0,0.0,0.0,0.0526315787495053,0.0,0.0,0.4849624041918706,0.1240601499095483,0.0,0.3383458633896772,/Users/ithikash/Downloads/Crowd-Analysis-main/fusion/alpha_fused/alpha_windows.csv,alpha_fused,1360.0,1391.0,0,0,0,0,8.0,0.015118442475795704,-0.13857137618994203,0.006514376344941453,-0.00048303831399432173,0.025985219336178002
,,,,19,0.0493365414440631,0.2482273975478219,0.0,1.4081602046473531,0.6879424531823185,293.2239990234375,0.8466218213416167,0.5384070027204128,0.5389852584526924,1.0,0.0,0.0,0.0,0.0,-0.0,1.0,1.0,0.0,0.9645569620253164,0.0050632911392405,0.0050632911392405,0.0075949367088607,0.0025316455696202,0.010126582278481,0.0025316455696202,0.0025316455696202,0.0,0.0,0.0,0.0,0.0,0.0,0.0,0.0,0.0,0.0724637679409087,0.0,0.0,0.3719806754299983,0.2342995163422717,0.0,0.3212560378713622,/Users/ithikash/Downloads/Crowd-Analysis-main/fusion/alpha_fused/alpha_windows.csv,alpha_fused,1376.0,1407.0,0,0,0,0,1.0,-0.034473713487386703,-0.21950657648860153,-0.00024782388526278787,-0.01602629108907283,0.01306459918332751
,,,,17,0.0100211817771196,0.1008473013795478,0.0,0.9990205277891282,0.2708398188989008,216.76263427734375,0.3777488463111803,0.5171636556548416,0.5324387776133371,1.0,0.0,0.0,0.0,0.0,-0.0,1.0,1.0,0.0,0.9876160990712074,0.0030959752321981,0.0,0.0030959752321981,0.0,0.0,0.0030959752321981,0.0030959752321981,0.0,0.0,0.0,0.0,0.0,0.0,0.0,0.0,0.0,0.0558823527768166,0.0,0.0,0.4294117634429066,0.2676470580363322,0.0,0.2470588228027681,/Users/ithikash/Downloads/Crowd-Analysis-main/fusion/alpha_fused/alpha_windows.csv,alpha_fused,1392.0,1423.0,0,0,0,0,-2.0,-0.0393153596669435,-0.14738009616827408,-0.006546480839355273,-0.021243347065571183,0.005932193849844349
,,,,14,0.0082158204168081,0.0443226077405818,0.0,0.2547315899009501,0.5361082841175451,189.45974731445312,0.3981433048895837,0.5180895241439419,0.5281340015725186,1.0,0.0,0.0,0.0,0.0,-0.0,1.0,1.0,0.0,0.968,0.0,0.008,0.008,0.0,0.0,0.0,0.016,0.0,0.0,0.0,0.0,0.0,0.0,0.0,0.0,0.0,0.0215827336576781,0.0,0.0,0.661870498835464,0.1942446029191036,0.0,0.1223021573935096,/Users/ithikash/Downloads/Crowd-Analysis-main/fusion/alpha_fused/alpha_windows.csv,alpha_fused,1408.0,1439.0,0,0,0,0,-3.0,-0.0018053613603114995,-0.056524693638966,-0.004304776040818581,0.0009258684891003677,0.0031659003267629623
,,,,4,0.0055785300210118,0.4564822661527281,0.0,1.5512576644594998,0.7429736724633673,59.53385925292969,0.8750120912422288,0.5396895981499488,0.5316006805457476,1.0,0.0,0.0,0.0,0.0,-0.0,1.0,1.0,0.0,0.8928571428571429,0.0714285714285714,0.0,0.0,0.0,0.0,0.0178571428571428,0.0178571428571428,0.0,0.0,0.0,0.0,0.0,0.0,0.0,0.0,0.0,0.0,0.0,0.0,0.9999999833333336,0.0,0.0,0.0,/Users/ithikash/Downloads/Crowd-Analysis-main/fusion/alpha_fused/alpha_windows.csv,alpha_fused,1424.0,1455.0,0,0,0,0,-10.0,-0.0026372903957963007,0.4121596584121463,0.0034666789732290537,0.02160007400600683,0.11412053800804751
,,,,2,0.0046427990309894,0.5347850963819807,0.0,1.5376518787224744,0.7871458055582237,47.7946891784668,0.928456293185145,0.5421026233974121,0.5347512634012469,1.0,0.0,0.0,0.0,0.0,-0.0,1.0,1.0,0.0,0.8709677419354839,0.0806451612903225,0.0,0.0161290322580645,0.0,0.0,0.0161290322580645,0.0161290322580645,0.0,0.0,0.0,0.0,0.0,0.0,0.0,0.0,0.0,0.0,0.0,0.0,0.9999999843750004,0.0,0.0,0.0,/Users/ithikash/Downloads/Crowd-Analysis-main/fusion/alpha_fused/alpha_windows.csv,alpha_fused,1440.0,1471.0,0,0,0,0,-2.0,-0.0009357309900224001,0.0783028302292526,0.0031505828554992954,0.0024130252474633407,0.26739241449478307
,,,,3,0.008623469620943,0.2654614005910359,0.0,0.6672650354240028,0.8757615348431571,57.51543045043945,0.7532899054894762,0.5341870254076175,0.534581992003158,1.0,0.0,0.0,0.0,0.0,-0.0,1.0,1.0,0.0,0.8360655737704918,0.0655737704918032,0.0327868852459016,0.0327868852459016,0.0163934426229508,0.0,0.0,0.0163934426229508,0.0,0.0,0.0,0.0,0.0,0.0,0.0,0.0,0.0,0.0,0.0,0.0,0.9999999843750004,0.0,0.0,0.0,/Users/ithikash/Downloads/Crowd-Analysis-main/fusion/alpha_fused/alpha_windows.csv,alpha_fused,1456.0,1487.0,0,0,0,0,1.0,0.0039806705899536,-0.2693236957909448,-0.00016927139808886604,-0.007915597989794576,0.08848710403464395
,,,,4,0.0155081842094659,0.0683210600788482,0.0,0.334869051397304,0.5578858913022596,210.77842712402344,0.4510607762390059,0.5204912788021978,0.5303547780428699,1.0,0.0,0.0,0.0,0.0,-0.0,1.0,1.0,0.0,0.9428571428571428,0.0142857142857142,0.0142857142857142,0.0,0.0,0.0,0.0142857142857142,0.0142857142857142,0.0,0.0,0.0,0.0,0.0,0.0,0.0,0.0,0.0,0.0,0.0,0.0,0.8648648531775021,0.0,0.0,0.1351351333089847,/Users/ithikash/Downloads/Crowd-Analysis-main/fusion/alpha_fused/alpha_windows.csv,alpha_fused,1472.0,1503.0,0,0,0,0,1.0,0.006884714588522901,-0.1971403405121877,-0.004227213960288134,-0.013695746605419723,0.017080260749646862
,,,,5,0.0153047228232026,0.0,0.0,0.0,0.0,362.3612365722656,0.0382618084549903,0.5017391660658524,0.5217700944497646,1.0,0.0,0.0,0.0,0.0,-0.0,1.0,1.0,0.0,1.0,0.0,0.0,0.0,0.0,0.0,0.0,0.0,0.0,0.0,0.0,0.0,0.0,0.0,0.0,0.0,0.0,0.0,0.0,0.0,0.6176470497404846,0.0,0.0,0.3823529355536333,/Users/ithikash/Downloads/Crowd-Analysis-main/fusion/alpha_fused/alpha_windows.csv,alpha_fused,1488.0,1519.0,0,0,0,0,1.0,-0.00020346138626330112,-0.0683210600788482,-0.008584683593105269,-0.01875211273634536,0.0
,,,,8,0.0154551221057772,0.0,0.0,0.0,0.0,312.7437744140625,0.0386378057301044,0.5017562566740175,0.5157659431170405,1.0,0.0,0.0,0.0,0.0,-0.0,1.0,1.0,0.0,1.0,0.0,0.0,0.0,0.0,0.0,0.0,0.0,0.0,0.0,0.0,0.0,0.0,0.0,0.0,0.0,0.0,0.0,0.0,0.0,0.6265060165481203,0.1204819262592539,0.0,0.2530120451444332,/Users/ithikash/Downloads/Crowd-Analysis-main/fusion/alpha_fused/alpha_windows.csv,alpha_fused,1504.0,1535.0,0,0,0,0,3.0,0.00015039928257459985,0.0,-0.006004151332724139,1.709060816501573e-05,0.0
,,,,6,0.0070351143367588,0.0,0.0,0.0,0.0,145.07540893554688,0.017587786540389,0.5007994441720823,0.511275993433553,1.0,0.0,0.0,0.0,0.0,-0.0,1.0,1.0,0.0,1.0,0.0,0.0,0.0,0.0,0.0,0.0,0.0,0.0,0.0,0.0,0.0,0.0,0.0,0.0,0.0,0.0,0.0,0.0,0.0,0.763358772798788,0.1984732809276848,0.0,0.0381679386399394,/Users/ithikash/Downloads/Crowd-Analysis-main/fusion/alpha_fused/alpha_windows.csv,alpha_fused,1520.0,1551.0,0,0,0,0,-2.0,-0.0084200077690184,0.0,-0.004489949683487482,-0.0009568125019351337,0.0
,,,,5,0.0,0.0,0.0,0.0,0.0,79.96807861328125,0.0,0.5,0.5078931954034871,1.0,0.0,0.0,0.0,0.0,-0.0,1.0,1.0,0.0,1.0,0.0,0.0,0.0,0.0,0.0,0.0,0.0,0.0,0.0,0.0,0.0,0.0,0.0,0.0,0.0,0.0,0.0,0.0,0.0,0.7878787799204164,0.2121212099785736,0.0,0.0,/Users/ithikash/Downloads/Crowd-Analysis-main/fusion/alpha_fused/alpha_windows.csv,alpha_fused,1536.0,1567.0,0,0,0,0,-1.0,-0.0070351143367588,0.0,-0.0033827980300659144,-0.0007994441720823309,0.0
,,,,3,0.0,0.0,0.0,0.0,0.0,49.69192123413086,0.0,0.5,0.505525236782441,1.0,0.0,0.0,0.0,0.0,-0.0,1.0,1.0,0.0,1.0,0.0,0.0,0.0,0.0,0.0,0.0,0.0,0.0,0.0,0.0,0.0,0.0,0.0,0.0,0.0,0.0,0.0,0.0,0.0,0.7999999680000013,0.1999999920000003,0.0,0.0,/Users/ithikash/Downloads/Crowd-Analysis-main/fusion/alpha_fused/alpha_windows.csv,alpha_fused,1552.0,1583.0,0,0,0,0,-2.0,0.0,0.0,-0.0023679586210461068,0.0,0.0
,,,,1,0.0018735281191766,0.0,0.0,0.0,0.0,0.0,0.0046838205307722,0.5002129009243188,0.5039315360250043,1.0,0.0,0.0,0.0,0.0,-0.0,1.0,1.0,0.0,1.0,0.0,0.0,0.0,0.0,0.0,0.0,0.0,0.0,0.0,0.0,0.0,0.0,0.0,0.0,0.0,0.0,0.0,0.0,0.0,0.0,0.0,0.0,0.99999950000025,/Users/ithikash/Downloads/Crowd-Analysis-main/fusion/alpha_fused/alpha_windows.csv,alpha_fused,1568.0,1599.0,0,0,0,0,-2.0,0.0018735281191766,0.0,-0.0015937007574367001,0.00021290092431880403,0.0
,,,,4,0.0135025642812252,0.0,0.0,0.0,0.0,71.19829559326172,0.0337564125657081,0.5015343775304475,0.5032123884766372,1.0,0.0,0.0,0.0,0.0,-0.0,1.0,1.0,0.0,1.0,0.0,0.0,0.0,0.0,0.0,0.0,0.0,0.0,0.0,0.0,0.0,0.0,0.0,0.0,0.0,0.0,0.0,0.0,0.0,0.0,0.0,0.3793103317479195,0.620689633769323,/Users/ithikash/Downloads/Crowd-Analysis-main/fusion/alpha_fused/alpha_windows.csv,alpha_fused,1584.0,1615.0,0,0,0,0,3.0,0.011629036162048599,0.0,-0.000719147548367105,0.0013214766061286909,0.0
,,,,17,0.0775461643934249,0.8090132207442738,0.0,2.491209823171773,0.810542532612524,113.10053253173828,1.377477710473395,0.5622873794136004,0.5209348857577261,1.0,0.0,0.0,0.0,0.0,-0.0,1.0,1.0,0.0,0.896969696969697,0.006060606060606,0.006060606060606,0.006060606060606,0.0303030303030303,0.0121212121212121,0.0242424242424242,0.0181818181818181,0.0,0.0,0.0,0.0,0.0,0.0,0.0,0.0,0.0,0.0494505491788431,0.0,0.0,0.0,0.1648351639294771,0.626373622932013,0.1593406584651612,/Users/ithikash/Downloads/Crowd-Analysis-main/fusion/alpha_fused/alpha_windows.csv,alpha_fused,1600.0,1631.0,0,0,0,0,13.0,0.0640436001121997,0.8090132207442738,0.017722497281088878,0.06075300188315291,0.04758901018560374
,,,,24,0.1181578040122985,0.6514687729146833,0.0,2.087892212745206,0.8640753476176726,113.49832153320312,1.3876110341576164,0.5627407847956847,0.5334766554691136,1.0,0.0,0.0,0.0,0.0,-0.0,1.0,1.0,0.0,0.8987951807228916,0.016867469879518,0.016867469879518,0.0192771084337349,0.0144578313253012,0.0120481927710843,0.0120481927710843,0.0096385542168674,0.0,0.0,0.0,0.0,0.0,0.0,0.0,0.0,0.0,0.1298405464012743,0.0,0.0,0.0205011389054643,0.2596810928025487,0.5603644634160263,0.0296127561967818,/Users/ithikash/Downloads/Crowd-Analysis-main/fusion/alpha_fused/alpha_windows.csv,alpha_fused,1616.0,1647.0,0,0,0,0,7.0,0.040611639618873596,-0.15754444782959054,0.01254176971138754,0.00045340538208427095,0.02714453107375634
,,,,26,0.0909671112895011,0.5421000027803607,0.0,2.119015374669973,0.8368826136436331,131.16317749023438,1.2642396701973753,0.5572137469452298,0.5405977829119484,1.0,0.0,0.0,0.0,0.0,-0.0,1.0,1.0,0.0,0.9289520426287744,0.0230905861456483,0.0248667850799289,0.0106571936056838,0.0053285968028419,0.0017761989342806,0.0017761989342806,0.0035523978685612,0.0,0.0,0.0,0.0,0.0,0.0,0.0,0.0,0.0,0.1663837009059699,0.0,0.0,0.0696095075218853,0.3327674018119399,0.4312393880624119,0.0,/Users/ithikash/Downloads/Crowd-Analysis-main/fusion/alpha_fused/alpha_windows.csv,alpha_fused,1632.0,1663.0,0,0,0,0,2.0,-0.027190692722797394,-0.10936877013432256,0.007121127442834774,-0.00552703785045483,0.0208499993050139
,,,,31,0.0807958170771598,0.4878838807406209,0.0,2.047059117227248,0.7366601137856641,123.85848999023438,1.146198031587221,0.5519121658243108,0.543992097785657,1.0,0.0,0.0,0.0,0.0,-0.0,1.0,1.0,0.0,0.9347408829174664,0.0307101727447216,0.0153550863723608,0.0076775431861804,0.0038387715930902,0.0019193857965451,0.0019193857965451,0.0038387715930902,0.0,0.0,0.0,0.0,0.0,0.0,0.0,0.0,0.0,0.1956521735586011,0.0,0.0,0.1068840577773839,0.3876811587179689,0.3097826081344518,0.0,/Users/ithikash/Downloads/Crowd-Analysis-main/fusion/alpha_fused/alpha_windows.csv,alpha_fused,1648.0,1679.0,0,0,0,0,5.0,-0.010171294212341309,-0.054216122039739856,0.0033943148737086704,-0.005301581120919052,0.01573818919362683
,,,,36,0.1340136229991912,0.548481134585051,0.0,2.0582929290145064,0.7183857664991753,144.92840576171875,1.2942019501168545,0.5585574141096273,0.5483616926828481,1.0,0.0,0.0,0.0,0.0,-0.0,1.0,1.0,0.0,0.9223985890652556,0.0335097001763668,0.019400352733686,0.0088183421516754,0.0105820105820105,0.0035273368606701,0.0,0.001763668430335,0.0,0.0,0.0,0.0,0.0,0.0,0.0,0.0,0.0082918739497647,0.2089552235340709,0.0,0.0,0.1741293529450591,0.4676616907667302,0.1409618571460002,0.0,/Users/ithikash/Downloads/Crowd-Analysis-main/fusion/alpha_fused/alpha_windows.csv,alpha_fused,1664.0,1695.0,0,0,0,0,5.0,0.0532178059220314,0.0605972538444301,0.00436959489719102,0.006645248285316541,0.015235586648596233
,,,,36,0.1524815708398819,0.4755873139978607,0.0,1.9182440038925177,0.791620038996466,143.99986267089844,1.334147472954078,0.5603474465327059,0.5519574188378054,1.0,0.0,0.0,0.0,0.0,-0.0,1.0,1.0,0.0,0.9323204419889504,0.0303867403314917,0.0165745856353591,0.0096685082872928,0.005524861878453,0.0027624309392265,0.0013812154696132,0.0013812154696132,0.0,0.0,0.0,0.0,0.0,0.0,0.0,0.0,0.0447368420463988,0.1539473682184903,0.0,0.0065789473597645,0.2526315786149584,0.4881578940945291,0.0539473683500692,0.0,/Users/ithikash/Downloads/Crowd-Analysis-main/fusion/alpha_fused/alpha_windows.csv,alpha_fused,1680.0,1711.0,1,0,1,0,0.0,0.018467947840690696,-0.0728938205871903,0.0035957261549572905,0.0017900324230785136,0.013210758355197288
,,,,50,0.1865427643060684,0.5182003210458246,0.0,1.97066503608058,0.9185025917827212,139.70016479492188,1.5203383429905697,0.5686695856231964,0.5569710688734226,1.0,0.0,0.0,0.0,0.0,-0.0,1.0,1.0,0.0,0.926729986431479,0.0217096336499321,0.0244233378561736,0.0067842605156037,0.0094979647218453,0.005427408412483,0.0027137042062415,0.0027137042062415,0.0,0.0,0.0,0.0,0.0,0.0,0.0,0.0,0.1296060989458626,0.0787801777906224,0.0,0.0266836086065011,0.2871664545271074,0.4523506982816382,0.0254129605776201,0.0,/Users/ithikash/Downloads/Crowd-Analysis-main/fusion/alpha_fused/alpha_windows.csv,alpha_fused,1696.0,1727.0,1,0,1,0,14.0,0.034061193466186496,0.04261300704796389,0.0050136500356172675,0.00832213909049051,0.010364006213636368
,,,,65,0.2812883555889129,0.7513102563204466,0.0,2.578021005881684,0.6411695027536275,132.41477966308594,1.7751499315749566,0.5799954058799095,0.5638783699753687,1.0,0.0,0.0,0.0,0.0,-0.0,1.0,1.0,0.0,0.9127789046653144,0.0070993914807302,0.0202839756592292,0.0182555780933062,0.0283975659229208,0.0060851926977687,0.0040567951318458,0.0030425963488843,0.0,0.0,0.0,0.0,0.0,0.0,0.0,0.0,0.1474785916769946,0.1436726925369431,0.0057088487100772,0.0294957183353989,0.2321598475431399,0.3948620357803405,0.0466222644656305,0.0,/Users/ithikash/Downloads/Crowd-Analysis-main/fusion/alpha_fused/alpha_windows.csv,alpha_fused,1712.0,1743.0,1,0,1,0,15.0,0.09474559128284452,0.23310993527462198,0.0069073011019460395,0.011325820256713137,0.011558619150181961
,,,,71,0.3161719441413879,0.7440778216219498,0.0,2.47338208562363,0.8556256056887327,173.1752166748047,1.972443651331552,0.5887078154337879,0.5713272036128945,1.0,0.0,0.0,0.0,0.0,-0.0,1.0,1.0,0.0,0.9075747046560112,0.0236275191104934,0.0305767894371091,0.0222376650451702,0.0097289784572619,0.0041695621959694,0.0013898540653231,0.0006949270326615,0.0,0.0,0.0,0.0,0.0158940397245734,0.0,0.0,0.0,0.0986754966233937,0.2443708607653173,0.0609271522775316,0.0099337748278584,0.1609271522113065,0.3086092713188018,0.1006622515889653,0.0,/Users/ithikash/Downloads/Crowd-Analysis-main/fusion/alpha_fused/alpha_windows.csv,alpha_fused,1728.0,1759.0,1,0,1,0,6.0,0.034883588552474976,-0.00723243469849677,0.007448833637525798,0.00871240955387842,0.010479969171013811
,,,,84,0.2975489497184753,0.6652883091831118,0.0,2.3253259334725143,0.9440292116010072,223.49008178710935,1.9252041288879145,0.5866265790199537,0.5759170162350122,1.0,0.0,0.0,0.0,0.0,-0.0,1.0,1.0,0.0,0.9121482498284146,0.0432395332875772,0.0247083047357584,0.0123541523678792,0.004118050789293,0.0006863417982155,0.001372683596431,0.001372683596431,0.0,0.0,0.0,0.0,0.0584036339659937,0.0,0.0,0.0,0.0733290070906365,0.2206359505381986,0.1518494483115837,0.0136275145920652,0.1343283581217856,0.2245295261359315,0.1232965605948756,0.0,/Users/ithikash/Downloads/Crowd-Analysis-main/fusion/alpha_fused/alpha_windows.csv,alpha_fused,1744.0,1775.0,1,0,1,0,13.0,-0.018622994422912598,-0.07878951243883803,0.004589812622117773,-0.0020812364138341755,0.007920098824559678
,,,,72,0.2727482318878174,0.548652564431985,0.0,2.1315740764223703,0.9230297858390598,260.9161682128906,1.7748855864938604,0.5799836977156128,0.5771370206791924,1.0,0.0,0.0,0.0,0.0,-0.0,1.0,1.0,0.0,0.9308600337268128,0.0278246205733558,0.026981450252951,0.0092748735244519,0.0016863406408094,0.0,0.0025295109612141,0.0008431703204047,0.0,0.0,0.0,0.0,0.1542130364433918,0.0,0.0,0.0,0.0445151033032471,0.0866454689295345,0.2186009537213028,0.0421303656262874,0.1534181238844053,0.1891891890388003,0.0969793321963598,0.014308426061758,/Users/ithikash/Downloads/Crowd-Analysis-main/fusion/alpha_fused/alpha_windows.csv,alpha_fused,1760.0,1791.0,1,0,1,0,-12.0,-0.024800717830657903,-0.11663574475112681,0.0012200044441801339,-0.006642881304340986,0.007620174400164036
,,,,52,0.2282332330942154,0.9230969852241928,0.0,2.6045046956212556,0.7942561363908436,292.7052917480469,1.80705128511492,0.581407690842993,0.5784182217283326,1.0,0.0,0.0,0.0,0.0,-0.0,1.0,1.0,0.0,0.8884462151394422,0.0756972111553784,0.0288844621513944,0.0009960159362549,0.0039840637450199,0.0009960159362549,0.0,0.0009960159362549,0.0,0.0,0.0,0.0,0.1969696967831726,0.0,0.0,0.0,0.0492424241957931,0.0,0.190340908910662,0.0445075757154284,0.2035984846556832,0.1979166664792455,0.0757575756858356,0.0416666666272095,/Users/ithikash/Downloads/Crowd-Analysis-main/fusion/alpha_fused/alpha_windows.csv,alpha_fused,1776.0,1807.0,1,0,1,0,-20.0,-0.04451499879360199,0.37444442079220785,0.0012812010491402015,0.0014239931273802853,0.017751864759083233
,,,,48,0.1666189879179,0.945512859538826,0.0,2.508254390571852,0.591770989880394,261.506103515625,1.5260533503228522,0.568924440623965,0.5755700873970222,1.0,0.0,0.0,0.0,0.0,-0.0,1.0,1.0,0.0,0.8516421291053228,0.0396375990939977,0.0554926387315968,0.0305775764439411,0.015855039637599,0.001132502831257,0.0033975084937712,0.0022650056625141,0.0,0.0,0.0,0.0,0.1267454348799726,0.0,0.0,0.0,0.0848549945382868,0.0,0.1138560686209924,0.0161117078237253,0.2577873251796054,0.2459720727755402,0.1181525240406525,0.0365198710671107,/Users/ithikash/Downloads/Crowd-Analysis-main/fusion/alpha_fused/alpha_windows.csv,alpha_fused,1792.0,1823.0,1,0,1,0,-4.0,-0.06161424517631539,0.02241587431463321,-0.00284813433131037,-0.012483250219028075,0.019698184163346705
,,,,43,0.1362502723932266,0.3911108897686678,0.0,1.551098372946023,0.7322832654568381,230.01866149902344,1.1691047296927826,0.5529419314909302,0.5687816406251945,1.0,0.0,0.0,0.0,0.0,-0.0,1.0,1.0,0.0,0.9298245614035088,0.0175438596491228,0.006265664160401,0.0162907268170426,0.0087719298245614,0.0050125313283208,0.0112781954887218,0.0050125313283208,0.0,0.0,0.0,0.0,0.0475624256271552,0.0,0.0,0.0,0.0642092745966596,0.0107015457661099,0.0487514862678341,0.0,0.2461355526205284,0.3519619496409489,0.2211652791662719,0.009512485125431,/Users/ithikash/Downloads/Crowd-Analysis-main/fusion/alpha_fused/alpha_windows.csv,alpha_fused,1808.0,1839.0,1,0,1,0,-5.0,-0.030368715524673406,-0.5544019697701582,-0.006788446771827661,-0.015982509133034783,0.009095601876117814
,,,,38,0.1284344792366027,0.4152752282824742,0.0,1.4925049013740064,0.8660418799052954,207.48138427734375,1.2306971596027545,0.5557085301897856,0.5648597074945718,1.0,0.0,0.0,0.0,0.0,-0.0,1.0,1.0,0.0,0.9247467438494936,0.0361794500723589,0.0217076700434153,0.0072358900144717,0.004341534008683,0.004341534008683,0.0,0.0014471780028943,0.0,0.0,0.0,0.0,0.0027434842212023,0.0,0.0,0.0,0.0452674896498388,0.0342935527650294,0.0123456789954105,0.0,0.1659807953827423,0.434842249060573,0.3045267485534612,0.0,/Users/ithikash/Downloads/Crowd-Analysis-main/fusion/alpha_fused/alpha_windows.csv,alpha_fused,1824.0,1855.0,1,0,1,0,-5.0,-0.007815793156623896,0.024164338513806394,-0.003921933130622723,0.002766598698855427,0.010928295193531027
,,,,37,0.1480167061090469,0.6730458773459759,0.0,1.9509899986096129,0.8025289237809028,172.29823303222656,1.413425967299272,0.5638953727121112,0.5645704070598336,1.0,0.0,0.0,0.0,0.0,-0.0,1.0,1.0,0.0,0.8830963665086888,0.0394944707740916,0.0489731437598736,0.0126382306477093,0.0078988941548183,0.0047393364928909,0.0,0.0031595576619273,0.0,0.0,0.0,0.0,0.0,0.0,0.0,0.0,0.0402985074025395,0.0477611939585653,0.0582089551370015,0.0,0.1492537311205168,0.4358208948719091,0.2686567160169302,0.0,/Users/ithikash/Downloads/Crowd-Analysis-main/fusion/alpha_fused/alpha_windows.csv,alpha_fused,1840.0,1871.0,1,0,1,0,-1.0,0.01958222687244421,0.25777064906350167,-0.00028930043473818223,0.0081868425223256,0.0181904286258256
,,,,39,0.1632328629493713,0.6743061516691701,0.0,2.0910355400797123,0.7163345745994678,186.76092529296875,1.421260665043183,0.5642456477446645,0.5644729792652828,1.0,0.0,0.0,0.0,0.0,-0.0,1.0,1.0,0.0,0.8953488372093024,0.0542635658914728,0.0322997416020671,0.0116279069767441,0.0025839793281653,0.0012919896640826,0.0012919896640826,0.0012919896640826,0.0,0.0,0.0,0.0,0.0,0.0,0.0,0.0,0.0135301352847107,0.0639606395277236,0.1070110699790761,0.0,0.2127921276595422,0.3776137756732918,0.2250922506456429,0.0,/Users/ithikash/Downloads/Crowd-Analysis-main/fusion/alpha_fused/alpha_windows.csv,alpha_fused,1856.0,1887.0,1,0,1,0,2.0,0.015216156840324402,0.0012602743231941993,-9.742779455079731e-05,0.0003502750325532489,0.017289900881519726
,,,,38,0.1413063108921051,0.4060938260202379,0.0,1.5799250422732858,0.7121887342100639,176.5777130126953,1.180005317370266,0.5534318061527645,0.5611606273315273,1.0,0.0,0.0,0.0,0.0,-0.0,1.0,1.0,0.0,0.9286536248561564,0.0299194476409666,0.0172612197928653,0.0161104718066743,0.004602991944764,0.001150747986191,0.0,0.002301495972382,0.0,0.0,0.0,0.0,0.0,0.0,0.0,0.0,0.0099228224807907,0.0915104739895143,0.102535832301504,0.0,0.2138919512525998,0.3241455343724966,0.2579933845005586,0.0,/Users/ithikash/Downloads/Crowd-Analysis-main/fusion/alpha_fused/alpha_windows.csv,alpha_fused,1872.0,1903.0,1,0,1,0,-1.0,-0.021926552057266208,-0.26821232564893216,-0.003312351933755564,-0.010813841591899909,0.01068667935088312
,,,,33,0.0526235438883304,0.1816410227724839,0.0,1.04154201542212,0.6493288369533895,172.132080078125,0.750043877746422,0.5340401655156267,0.5530244887867571,1.0,0.0,0.0,0.0,0.0,-0.0,1.0,1.0,0.0,0.96656050955414,0.0207006369426751,0.0047770700636942,0.0063694267515923,0.0,0.0,0.0,0.001592356687898,0.0,0.0,0.0,0.0,0.0,0.0,0.0,0.0,0.0378214825448994,0.1104387290311063,0.0968229953149425,0.0,0.2027231464406609,0.2647503778142959,0.2874432673412356,0.0,/Users/ithikash/Downloads/Crowd-Analysis-main/fusion/alpha_fused/alpha_windows.csv,alpha_fused,1888.0,1919.0,1,0,1,0,-5.0,-0.0886827670037747,-0.22445280324775402,-0.008136138544770133,-0.01939164063713783,0.0055042732505518385
